Uniprot_id,Family,KEGG,ChEMBL,GtoPdb,score
A0AVT1,Enzymes,1,1,0,2
A1L3X0,Enzymes,1,1,0,2
A1Z1Q3,Enzymes,1,1,0,2
A4D1B5,Others,0,0,0,0
A5LHX3,Enzymes,1,1,0,2
A5PKW4,Others,0,0,0,0
A5X5Y0,IC,1,1,1,3
A6NHL2,Others,0,0,0,0
A6NNZ2,Others,0,0,0,0
O00141,Enzymes,1,1,1,3
O00142,Enzymes,1,1,0,2
O00148,Enzymes,1,1,0,2
O00167,Enzymes,1,1,0,2
O00182,Others,0,0,0,0
O00187,Enzymes,1,1,0,2
O00206,Others,0,0,0,0
O00214,Others,0,0,0,0
O00217,Enzymes,1,1,0,2
O00222,GPCR,1,1,1,3
O00231,Enzymes,0,1,0,1
O00232,Enzymes,0,1,0,1
O00238,Enzymes,1,1,0,2
O00255,Others,0,0,0,0
O00257,Enzymes,0,1,0,1
O00264,Others,0,0,0,0
O00305,IC,1,1,0,2
O00311,Enzymes,1,1,1,3
O00329,Enzymes,1,1,1,3
O00400,Others,0,0,0,0
O00408,Enzymes,1,1,1,3
O00411,Enzymes,1,1,0,2
O00418,Enzymes,1,1,1,3
O00421,GPCR,1,1,1,3
O00429,Enzymes,1,1,0,2
O00443,Enzymes,1,1,1,3
O00444,Enzymes,1,1,1,3
O00459,Enzymes,0,1,1,2
O00481,Others,0,0,0,0
O00482,NR,1,1,1,3
O00483,Enzymes,0,1,0,1
O00487,Enzymes,0,1,1,2
O00506,Enzymes,1,1,1,3
O00512,Others,0,0,0,0
O00555,IC,1,1,1,3
O00560,Others,0,0,0,0
O00571,Enzymes,1,1,0,2
O00574,GPCR,1,1,1,3
O00591,IC,1,1,1,3
O00625,Enzymes,1,1,0,2
O00746,Enzymes,1,1,0,2
O00748,Enzymes,1,1,1,3
O00750,Enzymes,1,1,1,3
O00754,Enzymes,1,1,0,2
O00763,Enzymes,1,1,1,3
O00764,Enzymes,1,1,0,2
O00767,Enzymes,1,1,0,2
O14492,Others,0,0,0,0
O14519,Others,0,0,0,0
O14561,Enzymes,0,1,0,1
O14578,Enzymes,1,1,1,3
O14638,Enzymes,1,1,0,2
O14640,Others,0,0,0,0
O14649,IC,1,1,1,3
O14672,Enzymes,1,1,1,3
O14684,Enzymes,1,1,1,3
O14686,Enzymes,1,0,1,2
O14727,Enzymes,0,1,0,1
O14730,Enzymes,1,1,1,3
O14733,Enzymes,1,1,1,3
O14744,Enzymes,1,1,1,3
O14745,Others,0,0,0,0
O14746,Enzymes,1,1,0,2
O14757,Enzymes,1,1,1,3
O14764,IC,1,1,1,3
O14786,Others,0,0,0,0
O14788,Others,0,0,0,0
O14791,Others,0,0,0,0
O14818,Enzymes,1,1,0,2
O14842,GPCR,1,1,1,3
O14843,GPCR,1,1,1,3
O14874,Enzymes,1,1,1,3
O14920,Enzymes,1,1,1,3
O14936,Enzymes,1,1,1,3
O14939,Enzymes,1,1,1,3
O14965,Enzymes,1,1,1,3
O14966,Enzymes,0,1,0,1
O14976,Enzymes,1,1,1,3
O14980,Others,0,0,0,0
O14983,Enzymes,1,1,0,2
O14986,Enzymes,1,1,1,3
O15054,Enzymes,1,0,1,2
O15055,Others,0,0,0,0
O15066,Others,0,0,0,0
O15075,Enzymes,1,1,1,3
O15111,Enzymes,1,1,1,3
O15118,Others,0,0,0,0
O15120,Enzymes,1,1,0,2
O15121,Enzymes,1,1,1,3
O15146,Enzymes,1,1,0,2
O15151,Others,0,0,0,0
O15164,Enzymes,1,0,1,2
O15197,Enzymes,1,1,0,2
O15228,Enzymes,1,1,0,2
O15229,Enzymes,1,1,1,3
O15239,Enzymes,0,1,0,1
O15244,Others,0,0,0,0
O15245,Others,0,0,0,0
O15254,Enzymes,1,1,0,2
O15264,Enzymes,1,1,1,3
O15269,Enzymes,1,1,1,3
O15270,Enzymes,1,1,1,3
O15294,Enzymes,1,1,0,2
O15296,Enzymes,1,1,1,3
O15297,Enzymes,1,1,1,3
O15303,GPCR,1,1,1,3
O15305,Enzymes,1,1,0,2
O15355,Enzymes,1,1,0,2
O15357,Enzymes,1,1,1,3
O15379,Enzymes,1,0,1,2
O15382,Enzymes,1,1,1,3
O15392,Others,0,0,0,0
O15393,Enzymes,1,1,1,3
O15399,IC,1,1,1,3
O15427,Others,0,0,0,0
O15439,Others,0,0,0,0
O15455,Others,0,0,0,0
O15492,Enzymes,0,1,0,1
O15496,Enzymes,1,1,1,3
O15527,Enzymes,1,1,1,3
O15528,Enzymes,1,1,1,3
O15530,Enzymes,1,1,1,3
O15540,Others,0,0,0,0
O15550,Enzymes,1,0,1,2
O15552,GPCR,1,1,1,3
O15554,IC,1,1,1,3
O43148,Enzymes,1,1,0,2
O43151,Enzymes,1,1,0,2
O43172,Others,0,0,0,0
O43174,Enzymes,0,1,1,2
O43175,Enzymes,1,1,0,2
O43181,Enzymes,0,1,0,1
O43184,Enzymes,0,1,1,2
O43189,Others,0,0,0,0
O43193,GPCR,1,1,1,3
O43242,Enzymes,0,1,0,1
O43283,Enzymes,1,1,1,3
O43293,Enzymes,1,1,1,3
O43306,Enzymes,1,1,1,3
O43315,IC,0,0,1,1
O43318,Enzymes,1,1,1,3
O43353,Enzymes,1,1,1,3
O43447,Enzymes,1,0,0,1
O43451,Enzymes,1,1,1,3
O43463,Enzymes,1,0,1,2
O43464,Enzymes,1,1,0,2
O43497,IC,1,1,1,3
O43521,IC,0,1,0,1
O43524,Others,0,0,0,0
O43525,IC,1,1,1,3
O43526,IC,1,1,1,3
O43570,Enzymes,1,1,1,3
O43603,GPCR,1,1,1,3
O43613,GPCR,1,1,1,3
O43614,GPCR,1,1,1,3
O43674,Enzymes,0,1,0,1
O43676,Enzymes,0,1,0,1
O43677,Enzymes,0,1,0,1
O43678,Enzymes,0,1,0,1
O43683,Enzymes,1,1,1,3
O43739,Others,0,0,0,0
O43741,Enzymes,0,1,1,2
O43772,Others,0,0,0,0
O43791,Enzymes,0,1,0,1
O43865,Enzymes,1,1,0,2
O43920,Enzymes,0,1,0,1
O43924,Enzymes,0,1,1,2
O60218,Enzymes,1,1,0,2
O60235,Enzymes,0,1,1,2
O60240,Enzymes,0,1,0,1
O60256,Enzymes,0,1,0,1
O60259,Enzymes,1,1,1,3
O60260,Enzymes,1,0,0,1
O60266,Enzymes,1,1,1,3
O60282,Enzymes,1,0,0,1
O60285,Enzymes,1,1,1,3
O60313,Enzymes,1,1,0,2
O60331,Enzymes,1,1,1,3
O60333,Others,0,0,0,0
O60341,Enzymes,1,0,1,2
O60359,IC,1,1,0,2
O60391,IC,1,1,1,3
O60427,Enzymes,1,1,0,2
O60488,Enzymes,1,1,0,2
O60502,Enzymes,1,1,1,3
O60503,Enzymes,1,1,1,3
O60551,Enzymes,1,1,0,2
O60563,Enzymes,0,1,0,1
O60583,Enzymes,0,1,0,1
O60602,Others,0,0,0,0
O60603,Enzymes,0,1,0,1
O60656,Enzymes,1,1,0,2
O60658,Enzymes,1,1,1,3
O60671,Enzymes,1,1,0,2
O60674,Enzymes,1,1,1,3
O60678,Enzymes,1,0,1,2
O60704,Enzymes,1,1,0,2
O60706,IC,0,1,0,1
O60725,Enzymes,1,1,0,2
O60733,Enzymes,1,1,1,3
O60741,IC,1,1,1,3
O60755,GPCR,1,1,1,3
O60760,Enzymes,1,1,1,3
O60825,Enzymes,1,1,0,2
O60840,IC,1,1,1,3
O60841,Enzymes,0,1,0,1
O60880,Others,0,0,0,0
O60883,GPCR,1,1,1,3
O60885,Enzymes,0,0,1,1
O60894,GPCR,1,1,0,2
O60906,Enzymes,1,1,1,3
O60911,Enzymes,1,1,1,3
O60928,IC,1,1,1,3
O60939,IC,1,1,0,2
O75015,Others,0,0,0,0
O75106,Enzymes,1,1,0,2
O75116,Enzymes,1,1,1,3
O75151,Enzymes,0,1,1,2
O75164,Enzymes,1,0,1,2
O75173,Enzymes,1,1,1,3
O75251,Enzymes,1,1,0,2
O75306,Enzymes,1,1,0,2
O75311,IC,1,1,1,3
O75342,Enzymes,0,0,1,1
O75355,Enzymes,1,1,0,2
O75365,Enzymes,1,1,1,3
O75376,Others,0,0,0,0
O75380,Enzymes,0,1,0,1
O75381,Others,0,0,0,0
O75385,Enzymes,1,1,1,3
O75417,Enzymes,1,1,1,3
O75419,Others,0,0,0,0
O75438,Enzymes,0,1,0,1
O75460,Enzymes,1,1,1,3
O75469,NR,1,1,1,3
O75475,Others,0,0,0,0
O75489,Enzymes,1,1,0,2
O75530,Enzymes,0,0,1,1
O75531,Others,0,0,0,0
O75582,Enzymes,1,1,1,3
O75604,Enzymes,1,1,1,3
O75608,Enzymes,1,1,1,3
O75643,Enzymes,1,1,0,2
O75676,Enzymes,1,1,1,3
O75688,Enzymes,1,1,0,2
O75747,Enzymes,1,1,1,3
O75762,IC,1,1,1,3
O75795,Enzymes,1,1,0,2
O75874,Enzymes,1,1,1,3
O75899,GPCR,1,1,1,3
O75907,Enzymes,1,1,1,3
O75908,Enzymes,1,1,0,2
O75909,Enzymes,0,1,0,1
O75914,Enzymes,1,1,1,3
O75936,Enzymes,1,1,0,2
O75962,Enzymes,1,1,1,3
O76039,Enzymes,1,1,1,3
O76074,Enzymes,1,1,1,3
O76083,Enzymes,1,1,1,3
O94759,IC,1,1,1,3
O94782,Enzymes,1,1,1,3
O94788,Enzymes,1,1,0,2
O94804,Enzymes,1,1,1,3
O94806,Enzymes,1,1,1,3
O94921,Enzymes,1,1,1,3
O94925,Enzymes,1,1,1,3
O94953,Enzymes,1,0,1,2
O94966,Enzymes,1,1,0,2
O95050,Enzymes,1,1,0,2
O95067,Enzymes,0,1,0,1
O95069,IC,1,1,1,3
O95136,GPCR,1,1,1,3
O95139,Enzymes,0,1,0,1
O95140,Enzymes,0,1,1,2
O95167,Enzymes,0,1,0,1
O95168,Enzymes,0,1,0,1
O95169,Enzymes,0,1,0,1
O95178,Enzymes,0,1,0,1
O95180,IC,1,1,1,3
O95182,Enzymes,0,1,0,1
O95235,Others,0,0,0,0
O95237,Enzymes,1,1,0,2
O95251,Enzymes,1,1,1,3
O95259,IC,1,1,1,3
O95263,Enzymes,1,1,1,3
O95264,IC,1,1,1,3
O95267,Others,0,0,0,0
O95271,Enzymes,1,1,1,3
O95278,Enzymes,1,0,0,1
O95298,Enzymes,0,1,0,1
O95299,Enzymes,0,1,0,1
O95342,Others,0,0,0,0
O95347,Others,0,0,0,0
O95352,Enzymes,0,1,0,1
O95363,Enzymes,1,1,0,2
O95372,Enzymes,1,1,1,3
O95393,Enzymes,0,1,0,1
O95398,Enzymes,0,0,1,1
O95399,Others,0,0,0,0
O95436,Enzymes,0,1,0,1
O95453,Enzymes,1,1,0,2
O95456,Others,0,0,0,0
O95461,Enzymes,0,1,0,1
O95470,Enzymes,1,1,1,3
O95497,Enzymes,1,1,1,3
O95551,Enzymes,0,1,0,1
O95573,Enzymes,1,1,0,2
O95602,Enzymes,1,1,0,2
O95619,Others,0,0,0,0
O95622,Enzymes,1,1,1,3
O95630,Enzymes,1,1,0,2
O95644,Others,0,0,0,0
O95665,GPCR,1,1,1,3
O95696,Enzymes,0,0,1,1
O95718,NR,1,1,1,3
O95747,Enzymes,1,1,1,3
O95749,Enzymes,1,1,1,3
O95819,Enzymes,1,1,1,3
O95822,Enzymes,1,1,1,3
O95835,Enzymes,1,1,1,3
O95864,Enzymes,1,1,0,2
O95931,Others,0,0,0,0
O95977,GPCR,1,1,1,3
O96000,Enzymes,0,1,0,1
O96013,Enzymes,1,1,1,3
O96017,Enzymes,1,1,1,3
O96020,Enzymes,0,1,0,1
O96028,Enzymes,1,0,1,2
P00156,Others,0,0,0,0
P00325,Enzymes,1,1,0,2
P00326,Enzymes,1,1,0,2
P00338,Enzymes,1,1,0,2
P00352,Enzymes,1,1,0,2
P00374,Enzymes,1,1,1,3
P00387,Enzymes,1,1,0,2
P00390,Enzymes,1,1,1,3
P00395,Enzymes,1,0,0,1
P00403,Others,0,0,0,0
P00441,Enzymes,1,1,0,2
P00451,Enzymes,0,1,1,2
P00480,Enzymes,1,1,0,2
P00488,Enzymes,1,1,0,2
P00491,Enzymes,1,1,1,3
P00492,Enzymes,1,1,0,2
P00505,Enzymes,1,1,0,2
P00519,Enzymes,1,1,1,3
P00533,Enzymes,1,1,0,2
P00558,Enzymes,1,1,0,2
P00734,Enzymes,1,1,1,3
P00736,Enzymes,1,1,1,3
P00740,Enzymes,1,1,1,3
P00742,Enzymes,1,1,1,3
P00746,Enzymes,1,1,1,3
P00747,Enzymes,1,1,1,3
P00748,Enzymes,1,1,1,3
P00749,Enzymes,1,1,1,3
P00750,Enzymes,1,1,1,3
P00751,Enzymes,1,1,1,3
P00797,Enzymes,1,1,1,3
P00813,Enzymes,1,1,1,3
P00915,Enzymes,1,1,1,3
P00918,Enzymes,1,1,1,3
P01023,Others,0,0,0,0
P01031,Others,0,0,0,0
P01042,Others,0,0,0,0
P01100,Others,0,0,0,0
P01106,Enzymes,0,1,0,1
P01111,Enzymes,0,1,1,2
P01112,Enzymes,0,1,1,2
P01116,Enzymes,0,1,1,2
P01127,Others,0,0,0,0
P01130,Enzymes,0,1,0,1
P01137,Others,0,0,0,0
P01160,Others,0,0,0,0
P01213,IC,0,1,0,1
P01270,Others,0,0,0,0
P01275,Others,0,0,0,0
P01375,Others,0,0,0,0
P01584,Others,0,0,0,0
P01730,Others,0,0,0,0
P01911,Others,0,0,0,0
P02458,Others,0,0,0,0
P02489,Others,0,0,0,0
P02511,Others,0,0,0,0
P02675,Others,0,0,0,0
P02708,IC,1,1,1,3
P02751,Others,0,0,0,0
P02753,Others,0,0,0,0
P02763,Others,0,0,0,0
P02766,Others,0,0,0,0
P02768,Others,0,0,0,0
P02774,Others,0,0,0,0
P02778,Others,0,0,0,0
P02795,Others,0,0,0,0
P03372,NR,1,1,1,3
P03886,Enzymes,1,1,0,2
P03891,Enzymes,1,1,0,2
P03897,Enzymes,1,1,0,2
P03901,Enzymes,1,1,0,2
P03905,Enzymes,1,1,0,2
P03915,Enzymes,1,1,0,2
P03923,Enzymes,1,1,0,2
P03950,Enzymes,0,1,0,1
P03951,Enzymes,1,1,1,3
P03952,Enzymes,1,1,1,3
P03956,Enzymes,1,1,1,3
P04035,Enzymes,1,1,1,3
P04040,Enzymes,1,1,1,3
P04049,Enzymes,1,1,1,3
P04053,Enzymes,1,1,0,2
P04054,Enzymes,1,1,1,3
P04062,Enzymes,1,1,1,3
P04066,Enzymes,1,1,0,2
P04070,Enzymes,1,1,1,3
P04114,Others,0,0,0,0
P04141,Others,0,0,0,0
P04150,NR,1,1,1,3
P04156,Others,0,0,0,0
P04180,Enzymes,1,1,0,2
P04181,Enzymes,1,1,0,2
P04183,Enzymes,1,1,0,2
P04201,GPCR,1,1,1,3
P04233,Enzymes,0,1,0,1
P04271,Others,0,0,0,0
P04350,Others,0,0,0,0
P04406,Enzymes,1,1,0,2
P04439,Others,0,0,0,0
P04626,Enzymes,1,1,0,2
P04628,Others,0,0,0,0
P04629,Enzymes,1,1,0,2
P04632,Enzymes,0,1,0,1
P04637,Enzymes,0,1,0,1
P04746,Enzymes,1,1,1,3
P04792,Others,0,0,0,0
P04798,Enzymes,1,1,1,3
P04818,Enzymes,1,1,1,3
P04839,Enzymes,0,0,1,1
P04899,Others,0,0,0,0
P05023,Enzymes,1,1,0,2
P05026,IC,0,1,0,1
P05067,Others,0,0,0,0
P05089,Enzymes,1,1,1,3
P05091,Enzymes,1,1,1,3
P05093,Enzymes,1,1,1,3
P05106,Others,0,0,0,0
P05107,Others,0,0,0,0
P05108,Enzymes,1,1,1,3
P05121,Others,0,0,0,0
P05129,Enzymes,1,1,1,3
P05141,Others,0,0,0,0
P05154,Others,0,0,0,0
P05162,Others,0,0,0,0
P05164,Enzymes,1,1,1,3
P05177,Enzymes,1,1,1,3
P05181,Enzymes,0,1,1,2
P05186,Enzymes,1,1,0,2
P05187,Enzymes,1,1,0,2
P05198,Others,0,0,0,0
P05230,Enzymes,0,1,0,1
P05231,Others,0,0,0,0
P05305,Others,0,0,0,0
P05362,Others,0,0,0,0
P05386,Others,0,0,0,0
P05388,Others,0,0,0,0
P05412,Others,0,0,0,0
P05413,Others,0,0,0,0
P05556,Others,0,0,0,0
P05771,Enzymes,1,1,1,3
P05981,Enzymes,1,1,0,2
P06213,Enzymes,1,1,0,2
P06239,Enzymes,1,1,1,3
P06241,Enzymes,1,1,1,3
P06276,Enzymes,1,1,1,3
P06280,Enzymes,1,1,0,2
P06307,Others,0,0,0,0
P06400,Others,0,0,0,0
P06401,NR,1,1,1,3
P06493,Enzymes,1,1,1,3
P06702,Others,0,0,0,0
P06730,Others,0,0,0,0
P06732,Enzymes,1,1,0,2
P06733,Enzymes,1,1,0,2
P06734,Others,0,0,0,0
P06737,Enzymes,1,1,0,2
P06746,Enzymes,1,1,1,3
P06748,Enzymes,0,1,0,1
P06756,Others,0,0,0,0
P06858,Enzymes,1,1,0,2
P06865,Enzymes,1,1,0,2
P06870,Enzymes,1,1,1,3
P07099,Enzymes,1,1,0,2
P07148,Others,0,0,0,0
P07202,Enzymes,1,1,1,3
P07205,Enzymes,1,1,0,2
P07237,Enzymes,1,1,0,2
P07288,Enzymes,1,1,1,3
P07305,Others,0,0,0,0
P07306,Others,0,0,0,0
P07327,Enzymes,1,1,0,2
P07332,Enzymes,1,1,1,3
P07333,Enzymes,1,1,0,2
P07339,Enzymes,1,1,1,3
P07355,IC,0,1,0,1
P07384,Enzymes,1,1,1,3
P07437,Others,0,0,0,0
P07451,Enzymes,1,1,0,2
P07477,Enzymes,1,1,1,3
P07478,Enzymes,1,1,1,3
P07510,IC,1,1,1,3
P07550,GPCR,1,1,1,3
P07686,Enzymes,1,1,0,2
P07711,Enzymes,1,1,1,3
P07738,Enzymes,1,1,0,2
P07741,Enzymes,1,1,0,2
P07814,Enzymes,1,1,0,2
P07858,Enzymes,1,1,1,3
P07900,Others,0,0,0,0
P07911,Others,0,0,0,0
P07947,Enzymes,1,1,1,3
P07948,Enzymes,1,1,1,3
P07949,Enzymes,1,1,0,2
P07992,Enzymes,0,1,0,1
P07996,Others,0,0,0,0
P07998,Enzymes,1,1,0,2
P08047,Others,0,0,0,0
P08069,Enzymes,1,1,0,2
P08134,Enzymes,0,1,0,1
P08138,Others,0,0,0,0
P08151,Others,0,0,0,0
P08172,GPCR,1,1,1,3
P08173,GPCR,1,1,1,3
P08183,Enzymes,1,0,0,1
P08235,NR,1,1,1,3
P08236,Enzymes,1,1,0,2
P08237,Enzymes,1,1,0,2
P08238,Others,0,0,0,0
P08240,Others,0,0,0,0
P08246,Enzymes,1,1,1,3
P08253,Enzymes,1,1,1,3
P08254,Enzymes,1,1,1,3
P08263,Enzymes,1,1,0,2
P08294,Enzymes,1,1,0,2
P08311,Enzymes,1,1,1,3
P08319,Enzymes,1,1,0,2
P08473,Enzymes,1,1,1,3
P08514,Others,0,0,0,0
P08519,Others,0,0,0,0
P08567,Others,0,0,0,0
P08571,Others,0,0,0,0
P08574,Others,0,0,0,0
P08575,Enzymes,1,1,0,2
P08581,Enzymes,1,1,0,2
P08588,GPCR,1,1,1,3
P08603,Others,0,0,0,0
P08620,Others,0,0,0,0
P08631,Enzymes,1,1,1,3
P08648,IC,0,1,0,1
P08684,Enzymes,1,1,1,3
P08686,Enzymes,1,1,1,3
P08708,Others,0,0,0,0
P08709,Enzymes,1,1,1,3
P08754,Others,0,0,0,0
P08833,Others,0,0,0,0
P08842,Enzymes,1,1,0,2
P08865,Others,0,0,0,0
P08908,GPCR,1,1,1,3
P08912,GPCR,1,1,1,3
P08913,GPCR,1,1,1,3
P08962,Others,0,0,0,0
P09038,Others,0,0,0,0
P09086,Others,0,0,0,0
P09104,Enzymes,1,0,0,1
P09172,Enzymes,1,1,1,3
P09210,Enzymes,1,1,0,2
P09211,Enzymes,1,1,0,2
P09237,Enzymes,1,1,1,3
P09238,Enzymes,1,1,1,3
P09382,Others,0,0,0,0
P09417,Enzymes,1,1,0,2
P09429,Others,0,0,0,0
P09467,Enzymes,1,1,0,2
P09471,Others,0,0,0,0
P09488,Enzymes,1,1,0,2
P09601,Enzymes,1,1,1,3
P09619,Enzymes,1,1,0,2
P09651,Others,0,0,0,0
P09668,Enzymes,1,1,1,3
P09769,Enzymes,1,1,1,3
P09848,Enzymes,1,1,0,2
P09874,Enzymes,1,1,1,3
P09884,Enzymes,1,1,0,2
P09917,Enzymes,1,1,1,3
P09923,Enzymes,1,1,0,2
P09936,Enzymes,1,1,1,3
P09958,Enzymes,1,1,1,3
P09960,Enzymes,1,1,1,3
P0C1S8,Enzymes,1,1,1,3
P0C869,Enzymes,1,1,1,3
P0DJD7,Enzymes,1,0,0,1
P0DJD9,Enzymes,1,1,1,3
P0DMS8,GPCR,1,1,1,3
P0DMV8,Others,0,0,0,0
P0DP23,Enzymes,0,1,0,1
P0DPD6,Enzymes,1,1,1,3
P0DPH7,Others,0,0,0,0
P10070,Others,0,0,0,0
P10092,Others,0,0,0,0
P10144,Enzymes,1,1,1,3
P10145,Others,0,0,0,0
P10153,Enzymes,1,1,0,2
P10242,Others,0,0,0,0
P10253,Enzymes,1,1,1,3
P10275,NR,1,1,1,3
P10276,NR,1,1,1,3
P10323,Enzymes,1,1,1,3
P10398,Enzymes,1,1,1,3
P10415,IC,0,1,0,1
P10586,Enzymes,1,1,0,2
P10599,Enzymes,0,1,0,1
P10619,Enzymes,1,1,1,3
P10620,Enzymes,1,1,0,2
P10632,Enzymes,1,1,1,3
P10635,Enzymes,1,1,1,3
P10636,Others,0,0,0,0
P10644,Enzymes,0,1,1,2
P10646,Others,0,0,0,0
P10696,Enzymes,1,1,0,2
P10721,Enzymes,1,1,0,2
P10768,Enzymes,1,1,0,2
P10809,Enzymes,1,0,0,1
P10826,NR,1,1,1,3
P10827,NR,1,1,1,3
P10828,NR,1,1,1,3
P11021,Enzymes,1,0,0,1
P11086,Enzymes,1,1,1,3
P11137,Others,0,0,0,0
P11142,Others,0,0,0,0
P11150,Enzymes,1,1,0,2
P11166,Others,0,0,0,0
P11168,Others,0,0,0,0
P11169,Others,0,0,0,0
P11172,Enzymes,1,1,0,2
P11215,Others,0,0,0,0
P11216,Enzymes,1,1,0,2
P11217,Enzymes,1,1,0,2
P11229,GPCR,1,1,1,3
P11230,IC,1,1,1,3
P11274,Enzymes,1,1,1,3
P11308,Others,0,0,0,0
P11309,Enzymes,1,1,1,3
P11362,Enzymes,1,1,0,2
P11387,Enzymes,1,1,1,3
P11388,Enzymes,1,1,1,3
P11413,Enzymes,1,1,0,2
P11474,NR,1,1,1,3
P11509,Enzymes,0,1,1,2
P11511,Enzymes,1,1,1,3
P11586,Enzymes,1,1,0,2
P11597,IC,0,1,0,1
P11712,Enzymes,1,1,1,3
P11717,Others,0,0,0,0
P11766,Enzymes,1,1,0,2
P11802,Enzymes,1,1,1,3
P11926,Enzymes,1,1,1,3
P11940,Others,0,0,0,0
P12004,Others,0,0,0,0
P12104,Others,0,0,0,0
P12236,Others,0,0,0,0
P12268,Enzymes,1,1,1,3
P12271,Others,0,0,0,0
P12314,Others,0,0,0,0
P12644,Enzymes,0,1,0,1
P12821,Enzymes,1,1,1,3
P12830,Others,0,0,0,0
P12931,Enzymes,1,1,1,3
P12955,Enzymes,1,1,1,3
P12956,Enzymes,0,1,0,1
P13010,Enzymes,0,1,0,1
P13051,Enzymes,1,1,0,2
P13497,Enzymes,1,1,1,3
P13500,GPCR,0,1,0,1
P13501,GPCR,0,1,0,1
P13569,IC,0,1,1,2
P13612,Others,0,0,0,0
P13631,NR,1,1,1,3
P13637,Enzymes,1,1,0,2
P13667,Enzymes,1,1,0,2
P13716,Enzymes,1,1,0,2
P13726,Enzymes,0,1,1,2
P13798,Enzymes,1,1,1,3
P13807,Enzymes,1,1,0,2
P13861,Enzymes,0,1,1,2
P13866,Others,0,0,0,0
P13945,GPCR,1,1,1,3
P13995,Enzymes,1,1,0,2
P14060,Enzymes,1,1,0,2
P14061,Enzymes,1,1,0,2
P14151,Others,0,0,0,0
P14174,Enzymes,1,1,0,2
P14210,Others,0,0,0,0
P14324,Enzymes,1,1,1,3
P14410,Enzymes,1,1,0,2
P14415,IC,0,1,0,1
P14416,GPCR,1,1,1,3
P14550,Enzymes,1,1,0,2
P14555,Enzymes,1,1,1,3
P14598,Others,0,0,0,0
P14616,Enzymes,1,1,0,2
P14618,Enzymes,1,1,1,3
P14625,Others,0,0,0,0
P14635,Enzymes,0,1,0,1
P14672,Others,0,0,0,0
P14679,Enzymes,1,1,1,3
P14735,Enzymes,1,1,1,3
P14780,Enzymes,1,1,1,3
P14859,Others,0,0,0,0
P14867,IC,1,1,1,3
P14902,Enzymes,1,1,1,3
P14920,Enzymes,1,1,0,2
P15056,Enzymes,1,1,1,3
P15085,Enzymes,1,1,1,3
P15086,Enzymes,1,1,1,3
P15088,Enzymes,1,1,1,3
P15090,Others,0,0,0,0
P15104,Enzymes,1,1,0,2
P15121,Enzymes,1,1,1,3
P15144,Enzymes,1,1,1,3
P15169,Enzymes,1,1,1,3
P15170,Others,0,0,0,0
P15260,Others,0,0,0,0
P15291,Enzymes,1,1,0,2
P15309,Enzymes,1,1,0,2
P15311,Others,0,0,0,0
P15313,Enzymes,0,1,0,1
P15374,Enzymes,1,1,1,3
P15382,IC,1,1,0,2
P15498,Others,0,0,0,0
P15538,Enzymes,1,1,1,3
P15559,Enzymes,1,1,0,2
P15735,Enzymes,1,1,1,3
P15880,Others,0,0,0,0
P15907,Enzymes,1,1,0,2
P15941,Others,0,0,0,0
P16050,Enzymes,1,1,1,3
P16066,Enzymes,1,1,0,2
P16070,Others,0,0,0,0
P16109,Others,0,0,0,0
P16118,Enzymes,1,1,0,2
P16152,Enzymes,1,1,1,3
P16233,Enzymes,1,1,1,3
P16234,Enzymes,1,1,0,2
P16278,Enzymes,1,1,0,2
P16298,Enzymes,1,1,0,2
P16333,Others,0,0,0,0
P16389,IC,1,1,1,3
P16435,Enzymes,0,1,0,1
P16442,Enzymes,1,1,0,2
P16455,Enzymes,1,1,0,2
P16473,GPCR,1,1,1,3
P16499,Enzymes,1,1,1,3
P16519,Enzymes,1,1,1,3
P16581,Others,0,0,0,0
P16591,Enzymes,1,1,1,3
P16615,Enzymes,1,1,0,2
P16662,Enzymes,1,1,0,2
P17174,Enzymes,1,1,0,2
P17252,Enzymes,1,1,1,3
P17301,Others,0,0,0,0
P17302,IC,0,0,1,1
P17342,Enzymes,0,1,0,1
P17405,Enzymes,1,1,1,3
P17516,Enzymes,1,1,0,2
P17535,Others,0,0,0,0
P17538,Enzymes,1,1,1,3
P17568,Enzymes,0,1,0,1
P17612,Enzymes,1,1,1,3
P17655,Enzymes,1,1,1,3
P17658,IC,1,1,1,3
P17706,Enzymes,1,1,1,3
P17752,Enzymes,1,1,1,3
P17787,IC,1,1,1,3
P17861,Others,0,0,0,0
P17931,Others,0,0,0,0
P17936,Others,0,0,0,0
P17948,Enzymes,1,1,0,2
P17980,Enzymes,0,1,0,1
P18031,Enzymes,1,1,1,3
P18054,Enzymes,1,1,1,3
P18065,Others,0,0,0,0
P18074,Enzymes,1,1,0,2
P18077,Others,0,0,0,0
P18084,Others,0,0,0,0
P18089,GPCR,1,1,1,3
P18124,Others,0,0,0,0
P18405,Enzymes,1,1,0,2
P18433,Enzymes,1,1,0,2
P18440,Enzymes,1,1,0,2
P18505,IC,1,1,1,3
P18507,IC,1,1,1,3
P18510,Others,0,0,0,0
P18545,Enzymes,0,1,1,2
P18564,Others,0,0,0,0
P18621,Others,0,0,0,0
P18669,Enzymes,1,1,0,2
P18825,GPCR,1,1,1,3
P18846,Others,0,0,0,0
P18848,Others,0,0,0,0
P18858,Enzymes,1,1,0,2
P19021,Enzymes,1,1,0,2
P19099,Enzymes,1,1,1,3
P19174,Enzymes,1,1,1,3
P19224,Enzymes,1,1,0,2
P19235,Others,0,0,0,0
P19320,Others,0,0,0,0
P19367,Enzymes,1,1,0,2
P19404,Enzymes,1,1,0,2
P19429,Others,0,0,0,0
P19438,Others,0,0,0,0
P19440,Enzymes,1,1,0,2
P19525,Enzymes,1,1,1,3
P19623,Enzymes,1,1,0,2
P19634,Others,0,0,0,0
P19784,Enzymes,1,1,1,3
P19793,NR,1,1,1,3
P19801,Enzymes,1,1,0,2
P19835,Enzymes,0,1,1,2
P19838,Others,0,0,0,0
P19971,Enzymes,1,1,0,2
P20248,Enzymes,0,1,0,1
P20265,Others,0,0,0,0
P20273,Others,0,0,0,0
P20292,Enzymes,0,1,0,1
P20309,GPCR,1,1,1,3
P20340,Enzymes,0,1,0,1
P20393,NR,1,1,1,3
P20618,Enzymes,1,1,1,3
P20645,Others,0,0,0,0
P20648,Enzymes,1,1,0,2
P20701,Others,0,0,0,0
P20711,Enzymes,1,1,1,3
P20749,Others,0,0,0,0
P20794,Enzymes,1,1,1,3
P20813,Enzymes,0,1,1,2
P20815,Enzymes,1,1,1,3
P20839,Enzymes,1,1,1,3
P20853,Enzymes,0,1,1,2
P20916,Others,0,0,0,0
P21127,Enzymes,1,1,1,3
P21397,Enzymes,1,1,1,3
P21439,Enzymes,1,0,0,1
P21452,GPCR,1,1,1,3
P21453,GPCR,1,1,1,3
P21462,GPCR,1,1,1,3
P21549,Enzymes,1,1,0,2
P21554,GPCR,1,1,1,3
P21589,Enzymes,1,1,1,3
P21673,Enzymes,1,1,0,2
P21675,Enzymes,1,1,1,3
P21709,Enzymes,1,1,0,2
P21728,GPCR,1,1,1,3
P21730,GPCR,1,1,1,3
P21731,GPCR,1,1,1,3
P21741,Others,0,0,0,0
P21757,Others,0,0,0,0
P21802,Enzymes,1,1,0,2
P21817,IC,1,1,1,3
P21860,Enzymes,1,1,0,2
P21912,Enzymes,1,1,0,2
P21917,GPCR,1,1,1,3
P21918,GPCR,1,1,1,3
P21964,Enzymes,1,1,1,3
P21980,Enzymes,1,1,1,3
P22001,IC,1,1,1,3
P22061,Enzymes,1,1,0,2
P22090,Others,0,0,0,0
P22102,Enzymes,1,1,1,3
P22234,Enzymes,1,1,0,2
P22301,Others,0,0,0,0
P22303,Enzymes,1,1,1,3
P22309,Enzymes,1,1,1,3
P22310,Enzymes,1,1,0,2
P22314,Enzymes,1,1,0,2
P22392,Enzymes,1,1,0,2
P22413,Enzymes,1,1,0,2
P22455,Enzymes,1,1,0,2
P22459,IC,1,1,1,3
P22460,IC,1,1,1,3
P22557,Enzymes,1,0,0,1
P22607,Enzymes,1,1,0,2
P22612,Enzymes,1,1,1,3
P22674,Enzymes,0,1,0,1
P22692,Others,0,0,0,0
P22694,Enzymes,1,1,1,3
P22735,Enzymes,1,1,0,2
P22736,NR,1,1,1,3
P22748,Enzymes,1,1,1,3
P22830,Enzymes,1,1,0,2
P22888,GPCR,1,1,1,3
P22894,Enzymes,1,1,1,3
P22897,Others,0,0,0,0
P23025,Others,0,0,0,0
P23109,Enzymes,1,1,0,2
P23141,Enzymes,1,1,1,3
P23219,Enzymes,1,1,1,3
P23284,Enzymes,1,1,0,2
P23396,Others,0,0,0,0
P23415,IC,1,1,1,3
P23443,Enzymes,1,1,1,3
P23458,Enzymes,1,1,1,3
P23467,Enzymes,1,1,0,2
P23469,Enzymes,1,1,0,2
P23470,Enzymes,1,1,0,2
P23471,Enzymes,1,1,0,2
P23526,Enzymes,1,1,1,3
P23677,Enzymes,1,1,1,3
P23743,Enzymes,1,1,1,3
P23760,Others,0,0,0,0
P23786,Enzymes,1,1,1,3
P23919,Enzymes,1,1,0,2
P23921,Enzymes,1,1,1,3
P23945,GPCR,1,1,1,3
P23946,Enzymes,1,1,1,3
P23975,Others,0,0,0,0
P24046,IC,1,1,1,3
P24158,Enzymes,1,1,1,3
P24347,Enzymes,0,1,1,2
P24385,Enzymes,0,1,0,1
P24387,GPCR,0,1,0,1
P24462,Enzymes,1,1,1,3
P24468,NR,1,1,1,3
P24530,GPCR,1,1,1,3
P24592,Others,0,0,0,0
P24593,Others,0,0,0,0
P24723,Enzymes,1,1,1,3
P24752,Enzymes,1,1,1,3
P24863,Enzymes,0,1,0,1
P24864,Enzymes,0,1,0,1
P24903,Enzymes,1,1,1,3
P24928,Enzymes,1,1,0,2
P24941,Enzymes,1,1,1,3
P25021,GPCR,1,1,1,3
P25024,GPCR,1,1,1,3
P25025,GPCR,1,1,1,3
P25054,Others,0,0,0,0
P25089,GPCR,1,0,1,2
P25090,GPCR,1,1,1,3
P25098,Enzymes,1,1,1,3
P25100,GPCR,1,1,1,3
P25101,GPCR,1,1,1,3
P25103,GPCR,1,1,1,3
P25105,GPCR,1,1,1,3
P25106,GPCR,1,1,1,3
P25116,GPCR,1,1,1,3
P25398,Others,0,0,0,0
P25440,Enzymes,0,0,1,1
P25774,Enzymes,1,1,1,3
P25786,Enzymes,1,1,0,2
P25787,Enzymes,1,1,0,2
P25788,Enzymes,1,1,0,2
P25789,Enzymes,1,1,0,2
P25929,GPCR,1,1,1,3
P25942,Others,0,0,0,0
P25963,Others,0,0,0,0
P26006,Others,0,0,0,0
P26010,IC,0,1,0,1
P26012,Others,0,0,0,0
P26045,Enzymes,1,1,0,2
P26196,Enzymes,1,1,0,2
P26358,Enzymes,1,0,1,2
P26373,Others,0,0,0,0
P26447,Others,0,0,0,0
P26572,Enzymes,1,1,0,2
P26639,Enzymes,1,1,0,2
P26640,Enzymes,1,1,0,2
P27037,Enzymes,1,1,0,2
P27144,Enzymes,1,1,0,2
P27169,Enzymes,1,1,1,3
P27338,Enzymes,1,1,1,3
P27361,Enzymes,1,1,1,3
P27448,Enzymes,1,1,1,3
P27487,Enzymes,1,1,1,3
P27540,Others,0,0,0,0
P27635,Others,0,0,0,0
P27694,Others,0,0,0,0
P27695,Enzymes,1,1,0,2
P27707,Enzymes,1,1,0,2
P27708,Enzymes,1,1,0,2
P27815,Enzymes,1,1,1,3
P27986,Enzymes,0,1,1,2
P28062,Enzymes,1,1,1,3
P28065,Enzymes,1,1,1,3
P28066,Enzymes,1,1,0,2
P28070,Enzymes,1,1,0,2
P28072,Enzymes,1,1,1,3
P28074,Enzymes,1,1,1,3
P28161,Enzymes,1,1,0,2
P28221,GPCR,1,1,1,3
P28222,GPCR,1,1,1,3
P28223,GPCR,1,1,1,3
P28300,Enzymes,1,1,1,3
P28329,Enzymes,1,1,1,3
P28331,Enzymes,1,1,0,2
P28335,GPCR,1,1,1,3
P28336,GPCR,1,1,1,3
P28340,Enzymes,1,1,0,2
P28347,Others,0,0,0,0
P28472,IC,1,1,1,3
P28476,IC,1,1,1,3
P28482,Enzymes,1,1,1,3
P28562,Enzymes,1,1,0,2
P28566,GPCR,1,1,1,3
P28702,NR,1,1,1,3
P28715,Others,0,0,0,0
P28799,Others,0,0,0,0
P28827,Enzymes,1,1,0,2
P28838,Enzymes,1,1,1,3
P28845,Enzymes,1,1,1,3
P28907,Enzymes,1,1,0,2
P29033,IC,0,0,1,1
P29074,Enzymes,1,1,0,2
P29120,Enzymes,1,1,1,3
P29122,Enzymes,0,1,1,2
P29144,Enzymes,1,1,1,3
P29274,GPCR,1,1,1,3
P29275,GPCR,1,1,1,3
P29317,Enzymes,1,1,0,2
P29320,Enzymes,1,1,0,2
P29322,Enzymes,1,1,0,2
P29323,Enzymes,1,1,0,2
P29350,Enzymes,1,1,0,2
P29353,Others,0,0,0,0
P29371,GPCR,1,1,1,3
P29372,Enzymes,1,1,0,2
P29375,Enzymes,1,0,1,2
P29376,Enzymes,1,1,0,2
P29401,Enzymes,1,1,0,2
P29466,Enzymes,1,1,1,3
P29474,Enzymes,1,1,1,3
P29475,Enzymes,1,1,1,3
P29597,Enzymes,1,1,1,3
P29965,Others,0,0,0,0
P29992,Others,0,0,0,0
P30043,Enzymes,1,1,0,2
P30050,Others,0,0,0,0
P30085,Enzymes,1,1,0,2
P30086,Others,0,0,0,0
P30101,Enzymes,1,1,1,3
P30279,Enzymes,0,1,0,1
P30281,Enzymes,0,1,0,1
P30291,Enzymes,1,1,1,3
P30304,Enzymes,1,1,0,2
P30305,Enzymes,1,1,0,2
P30307,Enzymes,1,1,0,2
P30411,GPCR,1,1,1,3
P30419,Enzymes,1,1,0,2
P30518,GPCR,1,1,1,3
P30519,Enzymes,1,1,1,3
P30520,Enzymes,1,1,0,2
P30530,Enzymes,1,1,0,2
P30531,Others,0,0,0,0
P30532,IC,1,1,1,3
P30536,Others,0,0,0,0
P30542,GPCR,1,1,1,3
P30550,GPCR,1,1,1,3
P30556,GPCR,1,1,1,3
P30559,GPCR,1,1,1,3
P30613,Enzymes,1,1,1,3
P30679,GPCR,0,1,0,1
P30837,Enzymes,1,1,0,2
P30838,Enzymes,1,1,0,2
P30872,GPCR,1,1,1,3
P30874,GPCR,1,1,1,3
P30926,IC,1,1,1,3
P30939,GPCR,1,1,1,3
P30968,GPCR,1,1,1,3
P30988,GPCR,1,1,1,3
P30989,GPCR,1,1,1,3
P30990,Others,0,0,0,0
P31040,Enzymes,1,1,0,2
P31152,Enzymes,1,1,1,3
P31153,Enzymes,1,1,0,2
P31213,Enzymes,1,1,1,3
P31323,Enzymes,0,1,1,2
P31327,Enzymes,1,1,0,2
P31350,Enzymes,1,1,1,3
P31391,GPCR,1,1,1,3
P31639,Others,0,0,0,0
P31644,IC,1,1,1,3
P31645,Others,0,0,0,0
P31689,Others,0,0,0,0
P31749,Enzymes,1,1,1,3
P31751,Enzymes,1,1,1,3
P31939,Enzymes,1,1,0,2
P31941,Enzymes,0,1,0,1
P31944,Enzymes,0,1,1,2
P32019,Enzymes,1,1,1,3
P32189,Enzymes,1,1,0,2
P32238,GPCR,1,1,1,3
P32239,GPCR,1,1,1,3
P32241,GPCR,1,1,1,3
P32245,GPCR,1,1,1,3
P32246,GPCR,1,1,1,3
P32247,GPCR,1,1,1,3
P32248,GPCR,1,1,1,3
P32249,GPCR,1,1,1,3
P32297,IC,1,1,1,3
P32298,Enzymes,1,1,1,3
P32302,GPCR,1,1,1,3
P32320,Enzymes,1,1,1,3
P32322,Enzymes,1,1,0,2
P32418,Others,0,0,0,0
P32745,GPCR,1,1,1,3
P32754,Enzymes,1,1,1,3
P32929,Enzymes,1,1,1,3
P32969,Others,0,0,0,0
P33032,GPCR,1,1,1,3
P33121,Enzymes,1,1,0,2
P33176,Enzymes,1,1,0,2
P33260,Enzymes,1,1,1,3
P33261,Enzymes,1,1,1,3
P33316,Enzymes,1,1,0,2
P33402,Enzymes,1,1,0,2
P33981,Enzymes,1,1,1,3
P33991,Enzymes,1,1,0,2
P34741,Others,0,0,0,0
P34896,Enzymes,1,1,0,2
P34897,Enzymes,1,1,0,2
P34903,IC,1,1,1,3
P34913,Enzymes,1,1,1,3
P34947,Enzymes,1,1,1,3
P34949,Enzymes,1,1,0,2
P34969,GPCR,1,1,1,3
P34972,GPCR,1,1,1,3
P34981,GPCR,1,1,1,3
P34995,GPCR,1,1,1,3
P34998,GPCR,1,1,1,3
P35030,Enzymes,1,1,1,3
P35218,Enzymes,1,1,1,3
P35222,Others,0,0,0,0
P35228,Enzymes,1,1,1,3
P35236,Enzymes,1,1,0,2
P35268,Others,0,0,0,0
P35270,Enzymes,1,1,1,3
P35346,GPCR,1,1,1,3
P35348,GPCR,1,1,1,3
P35354,Enzymes,1,1,1,3
P35367,GPCR,1,1,1,3
P35368,GPCR,1,1,1,3
P35372,GPCR,1,1,1,3
P35398,NR,1,1,1,3
P35408,GPCR,1,1,1,3
P35414,GPCR,1,1,1,3
P35462,GPCR,1,1,1,3
P35475,Enzymes,1,1,0,2
P35498,IC,1,1,1,3
P35499,IC,1,1,1,3
P35557,Enzymes,1,1,1,3
P35568,Others,0,0,0,0
P35573,Enzymes,1,1,0,2
P35575,Enzymes,1,1,0,2
P35580,Others,0,0,0,0
P35590,Enzymes,1,1,0,2
P35610,Enzymes,1,1,0,2
P35626,Enzymes,1,1,1,3
P35754,Others,0,0,0,0
P35790,Enzymes,1,1,0,2
P35813,Enzymes,1,1,0,2
P35869,Others,0,0,0,0
P35913,Enzymes,1,1,1,3
P35916,Enzymes,1,1,0,2
P35968,Enzymes,1,1,0,2
P35998,Enzymes,0,1,0,1
P36507,Enzymes,1,1,1,3
P36544,IC,1,1,1,3
P36578,Others,0,0,0,0
P36639,Enzymes,1,1,0,2
P36776,Enzymes,1,1,1,3
P36873,Enzymes,1,1,0,2
P36888,Enzymes,1,1,0,2
P36894,Enzymes,1,1,0,2
P36896,Enzymes,1,1,0,2
P36897,Enzymes,1,1,0,2
P36969,Enzymes,1,1,1,3
P37023,Enzymes,1,1,0,2
P37058,Enzymes,1,1,0,2
P37059,Enzymes,1,1,1,3
P37088,IC,1,1,1,3
P37173,Enzymes,1,1,0,2
P37231,NR,1,1,1,3
P37268,Enzymes,1,1,1,3
P37288,GPCR,1,1,1,3
P37840,Enzymes,0,1,0,1
P38117,Others,0,0,0,0
P38398,Enzymes,1,1,0,2
P38571,Enzymes,1,1,0,2
P38919,Enzymes,1,1,0,2
P39019,Others,0,0,0,0
P39023,Others,0,0,0,0
P39086,IC,1,1,1,3
P39656,Enzymes,0,1,0,1
P39748,Enzymes,0,1,0,1
P39877,Enzymes,1,1,1,3
P39900,Enzymes,1,1,1,3
P40145,Enzymes,1,1,1,3
P40189,Others,0,0,0,0
P40238,Others,0,0,0,0
P40261,Enzymes,1,1,1,3
P40306,Enzymes,1,1,0,2
P40313,Enzymes,0,1,1,2
P40337,Enzymes,0,1,1,2
P40394,Enzymes,1,1,0,2
P40429,Others,0,0,0,0
P40763,Enzymes,0,1,0,1
P40818,Enzymes,1,1,1,3
P40926,Enzymes,1,1,0,2
P40933,Others,0,0,0,0
P41143,GPCR,1,1,1,3
P41180,GPCR,1,1,1,3
P41182,Others,0,0,0,0
P41212,Enzymes,0,1,0,1
P41229,Enzymes,1,0,1,2
P41231,GPCR,1,1,1,3
P41235,NR,1,0,1,2
P41240,Enzymes,1,1,1,3
P41250,Enzymes,1,1,0,2
P41252,Enzymes,1,1,0,2
P41279,Enzymes,1,1,1,3
P41586,GPCR,1,1,1,3
P41587,GPCR,1,1,1,3
P41594,GPCR,1,1,1,3
P41595,GPCR,1,1,1,3
P41597,GPCR,1,1,1,3
P41743,Enzymes,1,1,1,3
P41968,GPCR,1,1,1,3
P42224,Enzymes,0,1,0,1
P42226,Others,0,0,0,0
P42229,Others,0,0,0,0
P42261,IC,1,1,1,3
P42262,IC,1,1,1,3
P42263,IC,1,1,1,3
P42285,Enzymes,1,1,0,2
P42330,Enzymes,1,1,1,3
P42336,Enzymes,1,1,1,3
P42338,Enzymes,1,1,1,3
P42345,Enzymes,1,1,1,3
P42356,Enzymes,1,1,1,3
P42568,Others,0,0,0,0
P42574,Enzymes,1,1,1,3
P42575,Enzymes,1,1,1,3
P42677,Others,0,0,0,0
P42679,Enzymes,1,1,1,3
P42680,Enzymes,1,1,1,3
P42681,Enzymes,1,1,1,3
P42684,Enzymes,1,1,1,3
P42685,Enzymes,1,1,1,3
P42766,Others,0,0,0,0
P42785,Enzymes,1,1,1,3
P42858,Enzymes,0,1,0,1
P42892,Enzymes,1,1,1,3
P43003,Others,0,0,0,0
P43004,Others,0,0,0,0
P43005,Others,0,0,0,0
P43088,GPCR,1,1,1,3
P43115,GPCR,1,1,1,3
P43116,GPCR,1,1,1,3
P43119,GPCR,1,1,1,3
P43155,Others,0,0,0,0
P43166,Enzymes,1,1,1,3
P43220,GPCR,1,1,1,3
P43235,Enzymes,1,1,1,3
P43250,Enzymes,1,1,1,3
P43251,Enzymes,1,1,0,2
P43351,Others,0,0,0,0
P43354,NR,1,1,1,3
P43403,Enzymes,1,1,1,3
P43405,Enzymes,1,1,1,3
P43490,Enzymes,1,1,0,2
P43657,GPCR,1,1,1,3
P43681,IC,1,1,1,3
P43686,Enzymes,0,1,0,1
P45379,Others,0,0,0,0
P45452,Enzymes,0,1,1,2
P45880,IC,1,1,0,2
P45973,Others,0,0,0,0
P45974,Enzymes,1,1,1,3
P45983,Enzymes,1,1,1,3
P45984,Enzymes,1,1,1,3
P45985,Enzymes,1,1,1,3
P46063,Enzymes,1,1,0,2
P46092,GPCR,1,1,1,3
P46098,IC,1,1,1,3
P46531,Others,0,0,0,0
P46663,GPCR,1,1,1,3
P46734,Enzymes,1,1,1,3
P46776,Others,0,0,0,0
P46777,Others,0,0,0,0
P46778,Others,0,0,0,0
P46779,Others,0,0,0,0
P46781,Others,0,0,0,0
P46782,Others,0,0,0,0
P46783,Others,0,0,0,0
P46939,Others,0,0,0,0
P47211,GPCR,1,1,1,3
P47712,Enzymes,1,1,1,3
P47869,IC,1,1,1,3
P47870,IC,1,1,1,3
P47871,GPCR,1,1,1,3
P47895,Enzymes,1,1,0,2
P47897,Enzymes,1,1,0,2
P47898,GPCR,1,1,1,3
P47900,GPCR,1,1,1,3
P47901,GPCR,1,1,1,3
P47914,Others,0,0,0,0
P47989,Enzymes,1,1,1,3
P48039,GPCR,1,1,1,3
P48048,IC,1,1,1,3
P48050,IC,1,1,1,3
P48051,IC,1,1,1,3
P48052,Enzymes,1,1,1,3
P48058,IC,1,1,1,3
P48061,Others,0,0,0,0
P48066,Others,0,0,0,0
P48145,GPCR,1,1,1,3
P48167,IC,1,1,1,3
P48169,IC,1,1,1,3
P48426,Enzymes,1,1,1,3
P48436,Others,0,0,0,0
P48443,NR,1,1,1,3
P48449,Enzymes,1,1,1,3
P48506,Enzymes,1,1,0,2
P48544,IC,1,1,1,3
P48546,GPCR,1,1,1,3
P48547,IC,1,1,1,3
P48549,IC,1,1,1,3
P48556,Enzymes,0,1,0,1
P48729,Enzymes,1,1,1,3
P48730,Enzymes,1,1,1,3
P48735,Enzymes,1,1,1,3
P48736,Enzymes,1,1,1,3
P48764,Others,0,0,0,0
P48775,Enzymes,1,1,1,3
P48995,IC,1,1,1,3
P49019,GPCR,1,1,1,3
P49116,NR,1,1,1,3
P49137,Enzymes,1,1,1,3
P49146,GPCR,1,1,1,3
P49207,Others,0,0,0,0
P49238,GPCR,1,1,1,3
P49281,Others,0,0,0,0
P49286,GPCR,1,1,1,3
P49327,Enzymes,1,1,1,3
P49354,Enzymes,1,1,1,3
P49356,Enzymes,1,1,1,3
P49366,Enzymes,1,1,0,2
P49407,Others,0,0,0,0
P49411,Others,0,0,0,0
P49448,Enzymes,1,0,0,1
P49585,Enzymes,1,1,0,2
P49588,Enzymes,1,1,0,2
P49589,Enzymes,1,1,0,2
P49591,Enzymes,1,1,0,2
P49619,Enzymes,1,1,0,2
P49662,Enzymes,1,1,1,3
P49674,Enzymes,1,1,1,3
P49682,GPCR,1,1,1,3
P49683,GPCR,1,1,1,3
P49720,Enzymes,1,1,0,2
P49721,Enzymes,1,1,1,3
P49748,Enzymes,1,1,0,2
P49759,Enzymes,1,1,1,3
P49760,Enzymes,1,1,1,3
P49761,Enzymes,1,1,1,3
P49763,Others,0,0,0,0
P49768,Enzymes,0,1,1,2
P49773,Enzymes,0,1,0,1
P49789,Enzymes,1,1,0,2
P49795,Enzymes,0,1,0,1
P49798,Others,0,0,0,0
P49802,Others,0,0,0,0
P49810,Enzymes,0,1,1,2
P49821,Enzymes,1,1,0,2
P49840,Enzymes,1,1,1,3
P49841,Enzymes,1,1,1,3
P49862,Enzymes,1,1,1,3
P49902,Enzymes,1,1,1,3
P49915,Enzymes,1,1,0,2
P49959,Enzymes,0,1,0,1
P49961,Enzymes,1,1,1,3
P50052,GPCR,1,1,1,3
P50053,Enzymes,1,1,1,3
P50135,Enzymes,1,1,0,2
P50148,Enzymes,0,0,1,1
P50225,Enzymes,1,1,0,2
P50281,Enzymes,1,1,1,3
P50336,Enzymes,1,1,0,2
P50406,GPCR,1,1,1,3
P50416,Enzymes,1,1,1,3
P50570,Enzymes,1,1,0,2
P50579,Enzymes,1,1,1,3
P50583,Enzymes,1,1,0,2
P50613,Enzymes,1,1,1,3
P50750,Enzymes,1,1,1,3
P50914,Others,0,0,0,0
P50993,Enzymes,1,1,0,2
P51114,Others,0,0,0,0
P51149,Enzymes,0,1,0,1
P51159,Enzymes,0,1,1,2
P51161,Others,0,0,0,0
P51164,Enzymes,1,1,0,2
P51449,NR,1,1,1,3
P51451,Enzymes,1,1,1,3
P51452,Enzymes,1,1,0,2
P51511,Enzymes,0,1,1,2
P51512,Enzymes,0,1,1,2
P51531,Others,0,0,0,0
P51532,Others,0,0,0,0
P51570,Enzymes,1,1,0,2
P51575,IC,1,1,1,3
P51580,Enzymes,1,1,0,2
P51582,GPCR,1,1,1,3
P51587,Others,0,0,0,0
P51589,Enzymes,1,1,1,3
P51608,Others,0,0,0,0
P51617,Enzymes,1,1,1,3
P51649,Enzymes,1,1,1,3
P51665,Enzymes,0,1,0,1
P51677,GPCR,1,1,1,3
P51679,GPCR,1,1,1,3
P51681,GPCR,1,1,1,3
P51684,GPCR,1,1,1,3
P51685,GPCR,1,1,1,3
P51686,GPCR,1,1,1,3
P51692,Others,0,0,0,0
P51787,IC,1,1,1,3
P51812,Enzymes,1,1,1,3
P51813,Enzymes,1,1,1,3
P51817,Enzymes,1,1,1,3
P51828,Enzymes,1,1,1,3
P51843,NR,1,1,1,3
P51878,Enzymes,1,1,1,3
P51946,Enzymes,0,1,0,1
P51948,Enzymes,0,1,0,1
P51955,Enzymes,1,1,1,3
P51957,Enzymes,1,1,1,3
P51965,Enzymes,1,1,0,2
P51970,Enzymes,0,1,0,1
P51993,Enzymes,1,1,0,2
P52209,Enzymes,1,1,0,2
P52292,Others,0,0,0,0
P52333,Enzymes,1,1,1,3
P52564,Enzymes,1,1,1,3
P52565,Others,0,0,0,0
P52732,Others,0,0,0,0
P52788,Enzymes,1,1,0,2
P52789,Enzymes,1,1,0,2
P52895,Enzymes,1,1,0,2
P53041,Enzymes,1,1,0,2
P53350,Enzymes,1,1,1,3
P53355,Enzymes,1,1,1,3
P53396,Enzymes,1,1,1,3
P53539,Others,0,0,0,0
P53582,Enzymes,1,1,1,3
P53602,Enzymes,1,1,1,3
P53609,Enzymes,1,1,0,2
P53634,Enzymes,1,1,1,3
P53667,Enzymes,1,1,1,3
P53671,Enzymes,1,1,1,3
P53708,Others,0,0,0,0
P53778,Enzymes,1,1,1,3
P53816,Enzymes,1,1,0,2
P53985,Others,0,0,0,0
P54098,Enzymes,1,1,0,2
P54132,Enzymes,1,1,1,3
P54136,Enzymes,1,1,0,2
P54219,Others,0,0,0,0
P54253,Others,0,0,0,0
P54284,IC,1,1,0,2
P54289,IC,1,1,0,2
P54577,Enzymes,1,1,0,2
P54578,Enzymes,1,1,1,3
P54619,Enzymes,0,1,1,2
P54646,Enzymes,1,1,1,3
P54652,Others,0,0,0,0
P54687,Enzymes,1,1,1,3
P54707,Enzymes,1,1,0,2
P54709,IC,0,1,0,1
P54710,IC,0,1,0,1
P54750,Enzymes,1,1,1,3
P54753,Enzymes,1,1,0,2
P54756,Enzymes,1,1,0,2
P54760,Enzymes,1,1,0,2
P54762,Enzymes,1,1,0,2
P54764,Enzymes,1,1,0,2
P54803,Enzymes,1,1,0,2
P54819,Enzymes,1,1,0,2
P54829,Enzymes,1,1,0,2
P55011,Others,0,0,0,0
P55036,Enzymes,0,1,0,1
P55055,NR,1,1,1,3
P55058,IC,0,1,0,1
P55072,Others,0,0,0,0
P55085,GPCR,1,1,1,3
P55157,Enzymes,0,1,0,1
P55201,Others,0,0,0,0
P55210,Enzymes,1,1,1,3
P55211,Enzymes,1,1,1,3
P55212,Enzymes,1,1,1,3
P55263,Enzymes,1,1,1,3
P55347,Others,0,0,0,0
P55899,Others,0,0,0,0
P55957,IC,0,1,0,1
P56181,Enzymes,0,1,0,1
P56192,Enzymes,1,1,0,2
P56199,Others,0,0,0,0
P56373,IC,1,1,1,3
P56524,Enzymes,1,0,1,2
P56545,Enzymes,1,0,0,1
P56556,Enzymes,0,1,0,1
P56696,IC,1,1,1,3
P56703,Others,0,0,0,0
P56704,Others,0,0,0,0
P56817,Enzymes,1,1,1,3
P57059,Enzymes,1,1,1,3
P57078,Enzymes,0,1,1,2
P57771,Enzymes,0,1,0,1
P57789,IC,1,1,1,3
P58215,Enzymes,0,1,0,1
P59533,GPCR,1,0,1,2
P59534,GPCR,1,0,1,2
P59535,GPCR,1,0,1,2
P59536,GPCR,1,0,1,2
P59537,GPCR,1,0,1,2
P59538,GPCR,1,0,1,2
P59540,GPCR,1,0,1,2
P59541,GPCR,1,0,1,2
P59542,GPCR,1,0,1,2
P59544,GPCR,1,0,1,2
P59551,GPCR,1,0,1,2
P59768,Others,0,0,0,0
P60033,Others,0,0,0,0
P60174,Enzymes,1,1,0,2
P60568,Others,0,0,0,0
P60842,Enzymes,0,1,0,1
P60866,Others,0,0,0,0
P60891,Enzymes,1,1,0,2
P60900,Enzymes,1,1,0,2
P60903,IC,0,1,0,1
P60953,Enzymes,0,1,0,1
P61019,Enzymes,0,1,0,1
P61024,Others,0,0,0,0
P61026,Enzymes,0,1,0,1
P61073,GPCR,1,1,1,3
P61081,Enzymes,1,1,0,2
P61088,Enzymes,1,1,0,2
P61158,Others,0,0,0,0
P61160,Others,0,0,0,0
P61244,Others,0,0,0,0
P61247,Others,0,0,0,0
P61254,Others,0,0,0,0
P61313,Others,0,0,0,0
P61353,Others,0,0,0,0
P61513,Others,0,0,0,0
P61586,Enzymes,0,1,0,1
P61604,Others,0,0,0,0
P61769,Others,0,0,0,0
P61927,Others,0,0,0,0
P61956,Others,0,0,0,0
P61964,Others,0,0,0,0
P61981,Others,0,0,0,0
P62081,Others,0,0,0,0
P62136,Enzymes,1,1,1,3
P62191,Enzymes,0,1,0,1
P62195,Enzymes,0,1,0,1
P62241,Others,0,0,0,0
P62244,Others,0,0,0,0
P62249,Others,0,0,0,0
P62263,Others,0,0,0,0
P62266,Others,0,0,0,0
P62269,Others,0,0,0,0
P62273,Others,0,0,0,0
P62277,Others,0,0,0,0
P62280,Others,0,0,0,0
P62330,Others,0,0,0,0
P62333,Enzymes,0,1,0,1
P62424,Others,0,0,0,0
P62508,NR,1,1,1,3
P62701,Others,0,0,0,0
P62750,Others,0,0,0,0
P62753,Others,0,0,0,0
P62805,Others,0,0,0,0
P62826,Others,0,0,0,0
P62829,Others,0,0,0,0
P62841,Others,0,0,0,0
P62847,Others,0,0,0,0
P62851,Others,0,0,0,0
P62854,Others,0,0,0,0
P62857,Others,0,0,0,0
P62861,Others,0,0,0,0
P62873,Others,0,0,0,0
P62888,Others,0,0,0,0
P62891,Others,0,0,0,0
P62899,Others,0,0,0,0
P62906,Others,0,0,0,0
P62910,Others,0,0,0,0
P62913,Others,0,0,0,0
P62917,Others,0,0,0,0
P62937,Enzymes,1,1,1,3
P62942,Enzymes,1,1,1,3
P62955,IC,1,1,0,2
P62979,Others,0,0,0,0
P62993,Others,0,0,0,0
P63000,Enzymes,0,1,0,1
P63096,Enzymes,0,1,0,1
P63104,Others,0,0,0,0
P63146,Enzymes,1,1,0,2
P63151,Enzymes,0,1,0,1
P63165,Others,0,0,0,0
P63173,Others,0,0,0,0
P63220,Others,0,0,0,0
P63252,IC,1,1,1,3
P63279,Enzymes,0,1,0,1
P63316,Others,0,0,0,0
P67775,Enzymes,1,1,1,3
P67870,Enzymes,0,1,1,2
P68104,Others,0,0,0,0
P68106,Enzymes,1,1,0,2
P68363,Others,0,0,0,0
P68366,Others,0,0,0,0
P68371,Others,0,0,0,0
P68400,Enzymes,1,1,1,3
P68402,Enzymes,1,1,0,2
P68431,Others,0,0,0,0
P68871,Others,0,0,0,0
P69905,Others,0,0,0,0
P78329,Enzymes,1,1,1,3
P78334,IC,1,1,1,3
P78352,Others,0,0,0,0
P78356,Enzymes,1,1,1,3
P78362,Enzymes,1,1,1,3
P78368,Enzymes,1,1,1,3
P78396,Enzymes,0,1,0,1
P78417,Enzymes,1,1,1,3
P78508,IC,1,1,1,3
P78527,Enzymes,1,1,1,3
P78536,Enzymes,1,1,1,3
P78540,Enzymes,1,1,1,3
P78549,Enzymes,1,1,0,2
P80188,Others,0,0,0,0
P80365,Enzymes,0,1,1,2
P80370,Others,0,0,0,0
P80404,Enzymes,1,1,1,3
P81277,Others,0,0,0,0
P83731,Others,0,0,0,0
P83881,Others,0,0,0,0
P83916,Others,0,0,0,0
P84022,Others,0,0,0,0
P84098,Others,0,0,0,0
P98161,IC,1,1,0,2
P98170,Enzymes,1,1,0,2
P98174,Others,0,0,0,0
P98187,Enzymes,1,1,1,3
Q00526,Enzymes,1,1,1,3
Q00532,Enzymes,1,1,1,3
Q00534,Enzymes,1,1,1,3
Q00535,Enzymes,1,1,1,3
Q00536,Enzymes,1,1,1,3
Q00537,Enzymes,1,1,1,3
Q00610,Others,0,0,0,0
Q00613,Others,0,0,0,0
Q00653,Others,0,0,0,0
Q00796,Enzymes,1,1,0,2
Q00975,IC,1,1,1,3
Q00987,Enzymes,1,1,1,3
Q00G26,Enzymes,0,1,0,1
Q01064,Enzymes,1,1,1,3
Q01118,IC,1,1,0,2
Q01196,Others,0,0,0,0
Q01432,Enzymes,1,1,0,2
Q01433,Enzymes,1,1,0,2
Q01469,Others,0,0,0,0
Q01538,Others,0,0,0,0
Q01650,Others,0,0,0,0
Q01668,IC,1,1,1,3
Q01726,GPCR,1,1,1,3
Q01813,Enzymes,1,1,0,2
Q01959,Others,0,0,0,0
Q01970,Enzymes,1,1,1,3
Q02108,Enzymes,1,1,0,2
Q02127,Enzymes,1,1,1,3
Q02153,Enzymes,1,1,0,2
Q02156,Enzymes,1,1,1,3
Q02224,Others,0,0,0,0
Q02241,Others,0,0,0,0
Q02318,Enzymes,1,1,1,3
Q02410,IC,0,1,0,1
Q02543,Others,0,0,0,0
Q02641,IC,1,1,0,2
Q02643,GPCR,1,1,1,3
Q02750,Enzymes,1,1,1,3
Q02763,Enzymes,1,1,0,2
Q02779,Enzymes,1,1,1,3
Q02790,Enzymes,1,1,1,3
Q02878,Others,0,0,0,0
Q02880,Enzymes,1,1,0,2
Q02928,Enzymes,1,1,1,3
Q03111,Others,0,0,0,0
Q03164,Enzymes,1,0,1,2
Q03181,NR,1,1,1,3
Q03393,Enzymes,1,1,0,2
Q03405,Enzymes,0,1,0,1
Q03431,GPCR,1,1,1,3
Q03721,IC,1,1,1,3
Q04206,Others,0,0,0,0
Q04609,Enzymes,1,1,1,3
Q04637,Others,0,0,0,0
Q04721,Others,0,0,0,0
Q04756,Enzymes,0,1,0,1
Q04759,Enzymes,1,1,1,3
Q04760,Enzymes,1,1,0,2
Q04771,Enzymes,1,1,0,2
Q04828,Enzymes,1,1,0,2
Q04844,IC,1,1,1,3
Q04912,Enzymes,1,1,0,2
Q04917,Enzymes,0,1,0,1
Q05193,Enzymes,1,1,0,2
Q05209,Enzymes,1,1,0,2
Q05397,Enzymes,1,1,1,3
Q05469,Enzymes,1,1,1,3
Q05513,Enzymes,1,1,1,3
Q05516,Others,0,0,0,0
Q05586,IC,1,1,1,3
Q05639,Others,0,0,0,0
Q05655,Enzymes,1,1,1,3
Q05823,Enzymes,0,1,0,1
Q05901,IC,1,1,1,3
Q05932,Enzymes,1,1,0,2
Q05940,Others,0,0,0,0
Q05BQ5,Others,0,0,0,0
Q06124,Enzymes,1,1,1,3
Q06187,Enzymes,1,1,1,3
Q06210,Enzymes,1,1,0,2
Q06278,Enzymes,1,1,1,3
Q06330,Others,0,0,0,0
Q06418,Enzymes,1,1,0,2
Q06432,IC,1,1,0,2
Q06495,Others,0,0,0,0
Q06520,Enzymes,1,1,0,2
Q06609,Others,0,0,0,0
Q07001,IC,1,1,1,3
Q07020,Others,0,0,0,0
Q07075,Enzymes,1,1,1,3
Q07343,Enzymes,1,1,1,3
Q07699,IC,1,1,0,2
Q07812,IC,0,1,0,1
Q07817,IC,0,1,0,1
Q07820,IC,0,1,0,1
Q07869,NR,1,1,1,3
Q07889,Enzymes,0,1,0,1
Q07912,Enzymes,1,1,1,3
Q07973,Enzymes,1,1,1,3
Q08050,Others,0,0,0,0
Q08188,Enzymes,1,1,0,2
Q08209,Enzymes,1,1,0,2
Q08289,IC,1,1,0,2
Q08345,Enzymes,1,1,0,2
Q08462,Enzymes,1,1,1,3
Q08477,Enzymes,1,1,1,3
Q08493,Enzymes,1,1,1,3
Q08499,Enzymes,1,1,1,3
Q08752,Enzymes,1,1,1,3
Q08828,Enzymes,1,1,1,3
Q08881,Enzymes,1,1,1,3
Q09013,Enzymes,1,1,1,3
Q09028,Others,0,0,0,0
Q09327,Enzymes,1,1,0,2
Q09428,IC,0,1,0,1
Q09470,IC,1,1,1,3
Q09472,Enzymes,1,0,0,1
Q10469,Enzymes,1,1,0,2
Q10471,Enzymes,1,1,0,2
Q11128,Enzymes,1,1,0,2
Q11130,Enzymes,0,1,0,1
Q11201,Enzymes,1,1,0,2
Q12772,Others,0,0,0,0
Q12778,Others,0,0,0,0
Q12791,IC,1,1,1,3
Q12794,Enzymes,1,1,0,2
Q12797,Enzymes,1,1,0,2
Q12809,IC,1,1,1,3
Q12830,Others,0,0,0,0
Q12834,Others,0,0,0,0
Q12840,Enzymes,1,0,0,1
Q12851,Enzymes,1,1,1,3
Q12852,Enzymes,1,1,1,3
Q12866,Enzymes,1,1,0,2
Q12879,IC,1,1,1,3
Q12882,Enzymes,1,1,1,3
Q12884,Enzymes,0,1,1,2
Q12888,Others,0,0,0,0
Q12913,Enzymes,1,1,0,2
Q12923,Enzymes,0,1,0,1
Q12931,Others,0,0,0,0
Q13002,IC,1,1,1,3
Q13003,IC,1,1,1,3
Q13043,Enzymes,0,1,1,2
Q13085,Enzymes,1,1,1,3
Q13093,Enzymes,1,1,1,3
Q13107,Enzymes,1,1,0,2
Q13115,Enzymes,1,1,0,2
Q13118,Others,0,0,0,0
Q13126,Enzymes,1,1,0,2
Q13131,Enzymes,1,1,1,3
Q13133,NR,1,1,1,3
Q13148,Others,0,0,0,0
Q13153,Enzymes,1,1,1,3
Q13164,Enzymes,1,1,1,3
Q13177,Enzymes,1,1,1,3
Q13185,Others,0,0,0,0
Q13188,Enzymes,0,1,1,2
Q13191,Enzymes,1,1,1,3
Q13200,Enzymes,0,1,0,1
Q13224,IC,1,1,1,3
Q13231,Enzymes,1,1,1,3
Q13233,Enzymes,1,1,1,3
Q13237,Enzymes,1,1,1,3
Q13255,GPCR,1,1,1,3
Q13258,GPCR,1,1,1,3
Q13261,Others,0,0,0,0
Q13285,NR,1,1,1,3
Q13304,GPCR,1,1,1,3
Q13309,Enzymes,0,0,1,1
Q13315,Enzymes,1,1,1,3
Q13324,GPCR,1,1,1,3
Q13332,Enzymes,1,1,0,2
Q13363,Enzymes,1,0,0,1
Q13370,Enzymes,1,1,1,3
Q13393,Enzymes,1,1,1,3
Q13418,Enzymes,1,1,1,3
Q13422,Others,0,0,0,0
Q13443,Enzymes,0,1,1,2
Q13451,Enzymes,1,1,1,3
Q13464,Enzymes,1,1,1,3
Q13477,Others,0,0,0,0
Q13480,Others,0,0,0,0
Q13489,Enzymes,0,1,0,1
Q13490,NR,0,1,0,1
Q13507,IC,1,1,1,3
Q13509,Others,0,0,0,0
Q13510,Enzymes,1,1,1,3
Q13519,Others,0,0,0,0
Q13522,Others,0,0,0,0
Q13523,Enzymes,1,1,1,3
Q13526,Enzymes,1,1,1,3
Q13535,Enzymes,1,1,1,3
Q13541,Others,0,0,0,0
Q13546,Enzymes,1,1,1,3
Q13547,Enzymes,1,0,1,2
Q13554,Enzymes,1,1,1,3
Q13555,Enzymes,1,1,1,3
Q13557,Enzymes,1,1,1,3
Q13563,IC,1,0,1,2
Q13564,Enzymes,0,1,0,1
Q13574,Enzymes,1,1,1,3
Q13586,IC,0,1,0,1
Q13617,NR,0,1,0,1
Q13619,NR,0,1,0,1
Q13627,Enzymes,1,1,1,3
Q13639,GPCR,1,1,1,3
Q13671,Enzymes,0,1,0,1
Q13698,IC,1,1,1,3
Q13705,Enzymes,1,1,0,2
Q13733,Enzymes,1,1,0,2
Q13772,Enzymes,0,1,0,1
Q13822,Enzymes,1,1,1,3
Q13873,Enzymes,1,1,0,2
Q13882,Enzymes,1,1,1,3
Q13885,Others,0,0,0,0
Q13887,Others,0,0,0,0
Q13936,IC,1,1,1,3
Q13946,Enzymes,1,1,1,3
Q13951,Others,0,0,0,0
Q13956,Enzymes,0,1,1,2
Q13976,Enzymes,1,1,1,3
Q14003,IC,1,1,1,3
Q14004,Enzymes,1,1,1,3
Q14012,Enzymes,1,1,1,3
Q14123,Enzymes,1,1,1,3
Q14145,Others,0,0,0,0
Q14164,Enzymes,1,1,1,3
Q14240,Enzymes,0,1,0,1
Q14242,Others,0,0,0,0
Q14289,Enzymes,1,1,1,3
Q14330,GPCR,1,1,1,3
Q14376,Enzymes,1,1,0,2
Q14393,Others,0,0,0,0
Q14397,Enzymes,0,1,0,1
Q14416,GPCR,1,1,1,3
Q14432,Enzymes,1,1,1,3
Q14524,IC,1,1,1,3
Q14534,Enzymes,1,1,1,3
Q14542,Others,0,0,0,0
Q14571,IC,1,1,1,3
Q14573,IC,1,1,1,3
Q14642,Enzymes,1,1,1,3
Q14643,IC,1,1,1,3
Q14653,Others,0,0,0,0
Q14654,IC,1,1,1,3
Q14674,Enzymes,1,1,0,2
Q14676,Others,0,0,0,0
Q14680,Enzymes,1,1,1,3
Q14683,Others,0,0,0,0
Q14697,Enzymes,1,1,0,2
Q14703,Enzymes,1,1,1,3
Q14721,IC,1,1,1,3
Q14722,IC,1,1,0,2
Q14749,Enzymes,1,1,0,2
Q14761,Enzymes,0,1,0,1
Q14790,Enzymes,1,1,1,3
Q14831,GPCR,1,1,1,3
Q14832,GPCR,1,1,1,3
Q14833,GPCR,1,1,1,3
Q14839,Enzymes,0,1,0,1
Q14849,Others,0,0,0,0
Q14957,IC,1,1,1,3
Q14973,Others,0,0,0,0
Q14994,NR,1,1,1,3
Q15008,Enzymes,0,1,0,1
Q15022,Others,0,0,0,0
Q15031,Enzymes,1,1,0,2
Q15046,Enzymes,1,1,0,2
Q15047,Enzymes,1,0,1,2
Q15056,Others,0,0,0,0
Q15058,Others,0,0,0,0
Q15059,Enzymes,0,0,1,1
Q15067,Enzymes,1,1,0,2
Q15077,GPCR,1,1,1,3
Q15078,Enzymes,0,1,0,1
Q15084,Enzymes,1,1,0,2
Q15109,Others,0,0,0,0
Q15116,Others,0,0,0,0
Q15118,Enzymes,1,1,1,3
Q15119,Enzymes,1,1,1,3
Q15120,Enzymes,1,1,1,3
Q15125,Enzymes,1,1,0,2
Q15131,Enzymes,1,1,1,3
Q15139,Enzymes,1,1,1,3
Q15149,Others,0,0,0,0
Q15172,Enzymes,0,1,0,1
Q15208,Enzymes,1,1,1,3
Q15257,Enzymes,0,1,0,1
Q15291,Others,0,0,0,0
Q15303,Enzymes,1,1,0,2
Q15349,Enzymes,1,1,1,3
Q15369,Others,0,0,0,0
Q15370,Others,0,0,0,0
Q15375,Enzymes,1,1,0,2
Q15382,Others,0,0,0,0
Q15391,GPCR,1,1,1,3
Q15392,Enzymes,1,1,0,2
Q15393,Others,0,0,0,0
Q15399,Enzymes,0,1,0,1
Q15418,Enzymes,1,1,1,3
Q15465,Others,0,0,0,0
Q15532,Others,0,0,0,0
Q15544,Others,0,0,0,0
Q15554,Others,0,0,0,0
Q15561,Others,0,0,0,0
Q15562,Others,0,0,0,0
Q15569,Enzymes,1,1,1,3
Q15596,NR,0,1,0,1
Q15633,Others,0,0,0,0
Q15661,Enzymes,1,1,1,3
Q15717,Others,0,0,0,0
Q15722,GPCR,1,1,1,3
Q15746,Enzymes,1,1,1,3
Q15750,NR,0,1,0,1
Q15758,Others,0,0,0,0
Q15759,Enzymes,1,1,1,3
Q15761,GPCR,1,1,1,3
Q15788,Enzymes,1,0,1,2
Q15822,IC,1,1,1,3
Q15825,IC,1,1,1,3
Q15831,Enzymes,1,1,1,3
Q15835,Enzymes,1,1,1,3
Q15842,IC,1,1,1,3
Q15843,Enzymes,0,1,0,1
Q15858,IC,1,1,1,3
Q15878,IC,1,1,1,3
Q15904,Enzymes,0,1,0,1
Q15910,Enzymes,1,0,1,2
Q16099,IC,1,1,1,3
Q16186,Enzymes,0,1,0,1
Q16204,Enzymes,0,1,0,1
Q16236,Others,0,0,0,0
Q16288,Enzymes,1,1,0,2
Q16322,IC,1,1,1,3
Q16445,IC,1,1,1,3
Q16478,IC,1,1,1,3
Q16512,Enzymes,1,1,1,3
Q16513,Enzymes,1,1,1,3
Q16518,Enzymes,1,1,0,2
Q16526,Others,0,0,0,0
Q16531,Enzymes,0,1,0,1
Q16539,Enzymes,1,1,1,3
Q16543,Others,0,0,0,0
Q16548,IC,0,1,0,1
Q16552,Others,0,0,0,0
Q16566,Enzymes,1,1,1,3
Q16572,Others,0,0,0,0
Q16576,Enzymes,0,1,0,1
Q16581,GPCR,1,1,1,3
Q16584,Enzymes,1,1,1,3
Q16602,GPCR,1,1,1,3
Q16611,IC,0,1,0,1
Q16613,Enzymes,1,0,0,1
Q16620,Enzymes,1,1,0,2
Q16621,Others,0,0,0,0
Q16644,Enzymes,1,1,1,3
Q16647,Enzymes,1,1,1,3
Q16651,Enzymes,0,1,1,2
Q16654,Enzymes,1,1,1,3
Q16658,Others,0,0,0,0
Q16659,Enzymes,1,1,1,3
Q16665,Others,0,0,0,0
Q16678,Enzymes,1,1,1,3
Q16690,Enzymes,1,1,0,2
Q16696,Enzymes,1,1,1,3
Q16706,Enzymes,1,1,0,2
Q16718,Enzymes,0,1,0,1
Q16719,Enzymes,1,1,0,2
Q16739,Enzymes,1,1,1,3
Q16740,Enzymes,1,1,1,3
Q16762,Enzymes,1,1,0,2
Q16773,Enzymes,1,1,1,3
Q16775,Enzymes,1,1,0,2
Q16790,Enzymes,1,1,1,3
Q16795,Enzymes,0,1,0,1
Q16828,Enzymes,1,1,0,2
Q16831,Enzymes,1,1,0,2
Q16832,Enzymes,1,1,0,2
Q16850,Enzymes,1,1,1,3
Q16853,Enzymes,1,1,1,3
Q16854,Enzymes,1,1,0,2
Q16873,Enzymes,1,1,1,3
Q16875,Enzymes,1,1,1,3
Q16877,Enzymes,1,1,0,2
Q16880,Enzymes,1,1,0,2
Q16881,Enzymes,1,1,0,2
Q2M2I8,Enzymes,1,1,1,3
Q2TB90,Enzymes,1,1,0,2
Q32MK0,Enzymes,1,1,1,3
Q3SYC2,Enzymes,1,1,1,3
Q3T906,Enzymes,1,0,0,1
Q3ZCM7,Others,0,0,0,0
Q460N5,Enzymes,0,1,1,2
Q49AN0,Others,0,0,0,0
Q4FZB7,Enzymes,1,0,1,2
Q4G0J3,Others,0,0,0,0
Q53EL6,Others,0,0,0,0
Q53GL7,Enzymes,0,1,1,2
Q53H47,Enzymes,1,0,0,1
Q58F21,Others,0,0,0,0
Q59H18,Enzymes,1,1,1,3
Q5JRX3,Enzymes,0,1,0,1
Q5JWF2,Others,0,0,0,0
Q5MY95,Enzymes,1,1,0,2
Q5NUL3,GPCR,1,1,1,3
Q5S007,Enzymes,1,1,1,3
Q5SWA1,Enzymes,0,1,0,1
Q5T6S3,Others,0,0,0,0
Q5TCH4,Enzymes,1,1,1,3
Q5TCQ9,Enzymes,0,1,0,1
Q5VT25,Enzymes,1,1,1,3
Q5VWK5,Others,0,0,0,0
Q5XXA6,IC,1,1,1,3
Q6B0I6,Enzymes,1,0,1,2
Q6E213,Enzymes,1,1,0,2
Q6GPI1,Enzymes,1,1,0,2
Q6GQQ9,Enzymes,1,1,0,2
Q6IA69,Enzymes,1,0,0,1
Q6IQ23,Others,0,0,0,0
Q6IQ55,Enzymes,1,1,1,3
Q6L8Q7,Enzymes,1,1,1,3
Q6N021,Enzymes,1,1,0,2
Q6NYC1,Enzymes,0,1,1,2
Q6P1M0,Others,0,0,0,0
Q6P5Z2,Enzymes,1,1,1,3
Q6P6C2,Enzymes,1,1,0,2
Q6P988,Enzymes,1,1,0,2
Q6PCB7,Others,0,0,0,0
Q6PCT2,Others,0,0,0,0
Q6PEY2,Others,0,0,0,0
Q6PHR2,Enzymes,1,1,1,3
Q6PIU1,IC,1,1,1,3
Q6PJP8,Others,0,0,0,0
Q6PL18,Enzymes,0,0,1,1
Q6R327,Enzymes,0,1,0,1
Q6R6M4,Enzymes,1,1,0,2
Q6SZW1,Enzymes,1,1,0,2
Q6UWP7,Enzymes,1,1,0,2
Q6V1X1,Enzymes,1,1,1,3
Q6VVX0,Enzymes,1,1,1,3
Q6W2J9,Others,0,0,0,0
Q6W5P4,GPCR,1,1,1,3
Q6XQN6,Enzymes,1,1,0,2
Q6ZMT4,Enzymes,1,0,1,2
Q6ZQW0,Enzymes,1,1,1,3
Q6ZVD8,Enzymes,1,1,0,2
Q709F0,Enzymes,0,1,0,1
Q70CQ3,Enzymes,1,1,0,2
Q70Z44,IC,1,1,1,3
Q71U36,Others,0,0,0,0
Q76I76,Enzymes,1,1,0,2
Q76MJ5,Enzymes,1,1,1,3
Q7KZI7,Enzymes,1,1,1,3
Q7L2E3,Enzymes,1,1,0,2
Q7L7X3,Enzymes,1,1,1,3
Q7LBC6,Enzymes,1,0,1,2
Q7LFL8,Others,0,0,0,0
Q7LG56,Enzymes,1,1,1,3
Q7RTN6,Enzymes,0,1,1,2
Q7RTR8,GPCR,1,0,1,2
Q7RTX0,GPCR,1,1,1,3
Q7RTX1,GPCR,1,1,1,3
Q7Z2H8,Others,0,0,0,0
Q7Z2W7,IC,1,1,1,3
Q7Z3S7,IC,1,1,0,2
Q7Z406,Others,0,0,0,0
Q7Z418,IC,1,1,1,3
Q7Z449,Enzymes,1,1,1,3
Q7Z478,Enzymes,1,1,0,2
Q7Z4H4,Others,0,0,0,0
Q7Z4S6,Others,0,0,0,0
Q7Z5Q5,Enzymes,1,1,0,2
Q7Z628,Others,0,0,0,0
Q7Z739,Others,0,0,0,0
Q86SK9,Enzymes,1,1,0,2
Q86TI2,Enzymes,1,1,1,3
Q86U44,Enzymes,1,1,1,3
Q86U86,Others,0,0,0,0
Q86UE8,Enzymes,1,1,1,3
Q86VQ6,Enzymes,1,1,0,2
Q86VZ5,Enzymes,1,1,1,3
Q86W56,Enzymes,1,1,0,2
Q86WV6,Others,0,0,0,0
Q86X55,Enzymes,1,0,1,2
Q86XE5,Enzymes,1,1,0,2
Q86XP3,Enzymes,1,1,0,2
Q86Y07,Enzymes,1,1,1,3
Q86Y39,Enzymes,0,1,0,1
Q86Y97,Enzymes,1,0,1,2
Q86YI8,Others,0,0,0,0
Q86Z02,Enzymes,1,1,1,3
Q8IU80,Enzymes,0,1,1,2
Q8IU85,Enzymes,1,1,1,3
Q8IV08,Enzymes,1,1,0,2
Q8IV61,Others,0,0,0,0
Q8IVH8,Enzymes,1,1,1,3
Q8IVV7,Others,0,0,0,0
Q8IW41,Enzymes,1,1,1,3
Q8IWE4,Others,0,0,0,0
Q8IWL2,Others,0,0,0,0
Q8IWQ3,Enzymes,1,1,1,3
Q8IXJ6,Enzymes,1,0,1,2
Q8IXQ6,Enzymes,0,1,0,1
Q8IYB8,Enzymes,1,1,0,2
Q8IYD1,Others,0,0,0,0
Q8IYT8,Enzymes,1,1,1,3
Q8IZK6,IC,1,0,1,2
Q8IZL8,NR,0,1,0,1
Q8IZX4,Enzymes,1,0,1,2
Q8N0U8,Enzymes,1,0,0,1
Q8N122,Enzymes,0,1,0,1
Q8N130,Others,0,0,0,0
Q8N183,Enzymes,0,1,0,1
Q8N1C3,IC,1,1,1,3
Q8N2K0,Enzymes,1,1,1,3
Q8N474,Others,0,0,0,0
Q8N4C8,Enzymes,1,1,1,3
Q8N5S9,Enzymes,1,1,1,3
Q8N5Z0,Enzymes,1,1,0,2
Q8N6T7,Enzymes,1,0,1,2
Q8N884,Enzymes,1,1,1,3
Q8NB16,Enzymes,1,0,1,2
Q8NBP7,Enzymes,0,1,1,2
Q8NBS9,Enzymes,1,0,0,1
Q8NCC3,Enzymes,1,1,0,2
Q8NCG7,Enzymes,1,1,1,3
Q8ND76,Enzymes,0,1,0,1
Q8NEB9,Enzymes,1,1,1,3
Q8NEC5,IC,1,1,1,3
Q8NER1,IC,1,1,1,3
Q8NET8,IC,1,1,1,3
Q8NEV1,Enzymes,1,1,0,2
Q8NEV4,Enzymes,1,1,1,3
Q8NEZ4,Enzymes,1,0,1,2
Q8NFJ6,GPCR,1,1,1,3
Q8NFM4,Enzymes,1,1,1,3
Q8NFU5,Enzymes,1,1,0,2
Q8NFU7,Enzymes,1,1,0,2
Q8NG68,Enzymes,1,1,0,2
Q8NHM5,Enzymes,1,0,1,2
Q8NHU3,Enzymes,1,1,1,3
Q8NI60,Enzymes,0,1,1,2
Q8NI77,Others,0,0,0,0
Q8TAF3,Enzymes,0,1,0,1
Q8TBC4,Enzymes,1,1,0,2
Q8TBE9,Enzymes,1,1,0,2
Q8TBK2,Others,0,0,0,0
Q8TBX8,Enzymes,1,1,1,3
Q8TCC7,Others,0,0,0,0
Q8TCD5,Enzymes,1,1,1,3
Q8TCG2,Enzymes,1,1,1,3
Q8TCT1,Enzymes,1,1,0,2
Q8TCT8,Enzymes,0,1,0,1
Q8TCU5,IC,1,1,1,3
Q8TD08,Enzymes,1,1,1,3
Q8TD19,Enzymes,1,1,1,3
Q8TD43,IC,1,1,1,3
Q8TDB8,Others,0,0,0,0
Q8TDD5,IC,1,1,1,3
Q8TDN1,IC,1,1,1,3
Q8TDQ0,Others,0,0,0,0
Q8TDS4,GPCR,1,1,1,3
Q8TDU6,GPCR,1,1,1,3
Q8TDU9,GPCR,1,1,1,3
Q8TDV5,GPCR,1,1,1,3
Q8TDX5,Enzymes,1,1,0,2
Q8TDX6,Enzymes,1,1,0,2
Q8TDX7,Enzymes,1,1,1,3
Q8TE04,Enzymes,1,1,0,2
Q8TE23,GPCR,1,1,1,3
Q8TEK3,Enzymes,1,0,1,2
Q8TF76,Enzymes,1,1,1,3
Q8WTQ7,Enzymes,1,1,1,3
Q8WTS1,Enzymes,1,1,0,2
Q8WTS6,Enzymes,1,0,1,2
Q8WTT0,Others,0,0,0,0
Q8WTV0,Others,0,0,0,0
Q8WTX7,Others,0,0,0,0
Q8WUI4,Enzymes,1,0,1,2
Q8WUM9,Others,0,0,0,0
Q8WVY7,Enzymes,1,1,0,2
Q8WW43,IC,0,1,0,1
Q8WWL7,Enzymes,0,1,0,1
Q8WWR8,Enzymes,1,1,0,2
Q8WXA8,IC,1,1,1,3
Q8WXE1,Enzymes,0,1,0,1
Q8WXR4,Enzymes,1,1,1,3
Q8WXS5,IC,1,1,0,2
Q8WYB5,Enzymes,1,1,1,3
Q8WYR1,Enzymes,0,1,1,2
Q8WZA2,Enzymes,0,0,1,1
Q92499,Enzymes,1,1,0,2
Q92523,Enzymes,1,0,1,2
Q92542,IC,0,1,0,1
Q92547,Enzymes,0,1,0,1
Q92551,Enzymes,1,1,0,2
Q92560,Enzymes,1,1,1,3
Q92569,Enzymes,0,1,1,2
Q92608,Others,0,0,0,0
Q92630,Enzymes,1,1,1,3
Q92633,GPCR,1,1,1,3
Q92731,NR,1,1,1,3
Q92736,IC,1,1,1,3
Q92743,Enzymes,0,1,1,2
Q92753,NR,0,1,1,2
Q92769,Enzymes,1,0,1,2
Q92793,Enzymes,1,0,0,1
Q92794,Enzymes,1,1,1,3
Q92800,Enzymes,1,0,1,2
Q92820,Enzymes,1,1,1,3
Q92824,Enzymes,0,1,1,2
Q92830,Enzymes,1,0,1,2
Q92831,Enzymes,1,0,1,2
Q92841,Enzymes,1,1,0,2
Q92843,Others,0,0,0,0
Q92847,GPCR,1,1,1,3
Q92851,Enzymes,1,1,1,3
Q92876,Enzymes,0,1,1,2
Q92887,Others,0,0,0,0
Q92888,Enzymes,0,1,0,1
Q92889,Enzymes,0,1,0,1
Q92905,Enzymes,0,1,0,1
Q92915,IC,0,1,0,1
Q92918,Enzymes,1,1,1,3
Q92934,IC,0,1,0,1
Q92947,Enzymes,1,1,0,2
Q92952,IC,1,1,1,3
Q92953,IC,1,1,1,3
Q92979,Enzymes,1,0,0,1
Q92993,Enzymes,1,0,1,2
Q92997,Others,0,0,0,0
Q93009,Enzymes,1,1,0,2
Q93084,Enzymes,1,1,0,2
Q93086,IC,1,1,1,3
Q93088,Enzymes,1,1,0,2
Q93096,Enzymes,1,1,0,2
Q969F8,GPCR,1,1,1,3
Q969H4,Others,0,0,0,0
Q969M7,Enzymes,1,1,0,2
Q969R2,Others,0,0,0,0
Q969S8,Enzymes,1,0,1,2
Q969T7,Enzymes,1,1,0,2
Q969U7,Others,0,0,0,0
Q969V1,GPCR,1,1,1,3
Q96AE4,Others,0,0,0,0
Q96B36,Others,0,0,0,0
Q96BI3,IC,0,1,0,1
Q96BR1,Enzymes,1,1,1,3
Q96BZ4,Enzymes,1,1,0,2
Q96CA5,Enzymes,0,1,0,1
Q96D31,IC,1,1,1,3
Q96D53,Enzymes,0,1,1,2
Q96DB2,Enzymes,1,0,1,2
Q96EB6,Enzymes,1,0,1,2
Q96FI4,Enzymes,1,1,0,2
Q96FJ0,Enzymes,1,1,0,2
Q96FL8,Others,0,0,0,0
Q96FW1,Enzymes,1,1,1,3
Q96G91,GPCR,1,1,1,3
Q96GD4,Enzymes,1,1,1,3
Q96GG9,Enzymes,0,1,0,1
Q96GW9,Enzymes,1,1,0,2
Q96HE7,Enzymes,0,1,0,1
Q96HI0,Enzymes,1,1,0,2
Q96IV0,Enzymes,1,1,0,2
Q96IY4,Enzymes,1,1,1,3
Q96IZ0,Others,0,0,0,0
Q96JB6,Enzymes,0,1,0,1
Q96JM7,Others,0,0,0,0
Q96K76,Enzymes,1,1,0,2
Q96KB5,Enzymes,1,1,1,3
Q96KK3,IC,1,1,1,3
Q96KQ7,Enzymes,1,0,1,2
Q96KS0,Enzymes,1,1,1,3
Q96L34,Enzymes,1,1,1,3
Q96L73,Enzymes,1,0,1,2
Q96LA8,Enzymes,1,0,1,2
Q96LA9,GPCR,1,1,1,3
Q96LB1,GPCR,1,1,1,3
Q96LB2,GPCR,1,1,1,3
Q96LD8,Enzymes,1,1,1,3
Q96MU7,Others,0,0,0,0
Q96NZ9,Others,0,0,0,0
Q96P20,Others,0,0,0,0
Q96P65,GPCR,1,1,1,3
Q96PC2,Enzymes,1,1,0,2
Q96PD7,Enzymes,1,1,1,3
Q96PF2,Enzymes,1,1,1,3
Q96PH1,Enzymes,0,0,1,1
Q96PN6,Enzymes,1,1,1,3
Q96PR1,IC,1,1,1,3
Q96PY6,Enzymes,1,1,1,3
Q96Q15,Enzymes,1,1,1,3
Q96Q83,Enzymes,1,1,0,2
Q96Q89,Others,0,0,0,0
Q96RD7,IC,0,1,1,2
Q96RG2,Enzymes,1,1,1,3
Q96RI0,GPCR,1,1,1,3
Q96RI1,NR,1,1,1,3
Q96RP8,IC,1,1,1,3
Q96RR4,Enzymes,1,1,1,3
Q96S37,Others,0,0,0,0
Q96S44,Enzymes,1,1,1,3
Q96SB4,Enzymes,1,1,1,3
Q96SN7,IC,1,1,1,3
Q96SQ9,Enzymes,1,1,1,3
Q96SW2,Enzymes,0,1,1,2
Q96T53,Enzymes,0,1,0,1
Q96T60,Enzymes,1,1,0,2
Q96T88,Enzymes,1,0,0,1
Q99062,Others,0,0,0,0
Q99250,IC,1,1,1,3
Q99418,Others,0,0,0,0
Q99436,Enzymes,1,1,0,2
Q99460,Enzymes,0,1,0,1
Q99466,Others,0,0,0,0
Q99497,Enzymes,1,1,0,2
Q99500,GPCR,1,1,1,3
Q99504,Enzymes,1,1,0,2
Q99519,Enzymes,1,1,1,3
Q99523,Others,0,0,0,0
Q99527,GPCR,1,1,1,3
Q99538,Enzymes,1,1,1,3
Q99558,Enzymes,1,1,1,3
Q99571,IC,1,1,1,3
Q99572,IC,1,1,1,3
Q99576,Others,0,0,0,0
Q99594,Others,0,0,0,0
Q99619,Others,0,0,0,0
Q99640,Enzymes,1,1,1,3
Q99661,Others,0,0,0,0
Q99677,GPCR,1,1,1,3
Q99683,Enzymes,1,1,1,3
Q99685,Enzymes,1,1,1,3
Q99700,Others,0,0,0,0
Q99705,GPCR,1,1,1,3
Q99707,Enzymes,1,1,1,3
Q99714,Enzymes,1,1,0,2
Q99720,Others,0,0,0,0
Q99728,Others,0,0,0,0
Q99732,Others,0,0,0,0
Q99755,Enzymes,1,1,1,3
Q99759,Enzymes,1,1,1,3
Q99808,Others,0,0,0,0
Q99814,Others,0,0,0,0
Q99816,Others,0,0,0,0
Q99835,GPCR,1,1,1,3
Q99836,Others,0,0,0,0
Q99873,Enzymes,1,0,1,2
Q99928,IC,1,1,1,3
Q99952,Enzymes,1,1,0,2
Q99972,Others,0,0,0,0
Q99973,Others,0,0,0,0
Q99986,Enzymes,1,1,1,3
Q9BPV8,GPCR,1,1,1,3
Q9BPW9,Enzymes,0,1,0,1
Q9BPZ2,Others,0,0,0,0
Q9BPZ7,Enzymes,0,1,0,1
Q9BQ31,IC,1,1,1,3
Q9BQ51,Others,0,0,0,0
Q9BQA1,Others,0,0,0,0
Q9BQB6,Enzymes,1,1,1,3
Q9BQE3,Others,0,0,0,0
Q9BQF6,Enzymes,1,1,1,3
Q9BQI3,Enzymes,1,1,1,3
Q9BQT8,Others,0,0,0,0
Q9BRQ5,IC,1,1,1,3
Q9BRS2,Enzymes,1,1,1,3
Q9BSL1,Others,0,0,0,0
Q9BSW2,Others,0,0,0,0
Q9BT73,Others,0,0,0,0
Q9BTU6,Enzymes,1,1,1,3
Q9BTY2,Enzymes,1,1,0,2
Q9BU61,Enzymes,0,1,0,1
Q9BUB5,Enzymes,1,1,1,3
Q9BUF5,Others,0,0,0,0
Q9BUL5,Others,0,0,0,0
Q9BV23,Enzymes,1,1,1,3
Q9BV86,Enzymes,1,1,0,2
Q9BVA1,Others,0,0,0,0
Q9BVC4,Enzymes,0,1,0,1
Q9BVS4,Enzymes,1,1,1,3
Q9BW19,Enzymes,1,0,0,1
Q9BW60,Enzymes,1,1,0,2
Q9BW91,Enzymes,1,1,0,2
Q9BX63,Enzymes,1,0,0,1
Q9BX84,IC,1,1,1,3
Q9BXA5,GPCR,1,1,1,3
Q9BXA7,Enzymes,1,1,1,3
Q9BXF3,Others,0,0,0,0
Q9BXT2,IC,1,1,0,2
Q9BY32,Enzymes,1,1,0,2
Q9BY41,Enzymes,1,0,1,2
Q9BY66,Enzymes,1,1,1,3
Q9BYF1,Enzymes,1,1,1,3
Q9BYJ9,Others,0,0,0,0
Q9BYP7,Enzymes,1,1,1,3
Q9BYW2,Enzymes,1,0,1,2
Q9BZ23,Enzymes,1,1,0,2
Q9BZ95,Enzymes,1,0,0,1
Q9BZE0,Others,0,0,0,0
Q9BZE4,Others,0,0,0,0
Q9BZJ3,Enzymes,1,1,0,2
Q9BZL6,Enzymes,1,1,1,3
Q9BZM1,Enzymes,1,1,1,3
Q9BZM2,Enzymes,1,1,1,3
Q9BZP6,Enzymes,1,1,1,3
Q9BZX2,Enzymes,1,1,0,2
Q9C000,Others,0,0,0,0
Q9C005,Others,0,0,0,0
Q9C0B1,Enzymes,1,1,0,2
Q9C0H9,Others,0,0,0,0
Q9GZN0,GPCR,1,1,1,3
Q9GZQ4,GPCR,1,1,1,3
Q9GZQ6,GPCR,1,1,1,3
Q9GZQ8,Enzymes,0,1,0,1
Q9GZR1,Enzymes,1,1,1,3
Q9GZR5,Enzymes,1,1,0,2
Q9GZT4,Enzymes,1,1,0,2
Q9GZT9,Enzymes,1,1,1,3
Q9GZU1,IC,1,1,1,3
Q9GZU7,Enzymes,1,1,0,2
Q9GZZ1,Enzymes,1,1,0,2
Q9GZZ6,IC,1,1,1,3
Q9H0A0,Enzymes,0,1,0,1
Q9H0E9,Enzymes,0,0,1,1
Q9H0K1,Enzymes,1,1,1,3
Q9H160,Others,0,0,0,0
Q9H1C0,GPCR,1,1,1,3
Q9H1D0,IC,1,1,1,3
Q9H1R3,Enzymes,1,1,1,3
Q9H228,GPCR,1,1,1,3
Q9H237,Enzymes,1,1,1,3
Q9H244,GPCR,1,1,1,3
Q9H252,IC,1,1,1,3
Q9H255,GPCR,1,1,0,2
Q9H2G2,Enzymes,1,1,1,3
Q9H2H0,Others,0,0,0,0
Q9H2J4,Others,0,0,0,0
Q9H2K2,Enzymes,1,1,1,3
Q9H2K8,Enzymes,1,1,1,3
Q9H2S1,IC,1,1,1,3
Q9H2X3,Others,0,0,0,0
Q9H2X6,Enzymes,1,1,1,3
Q9H3H5,Enzymes,1,1,0,2
Q9H3M0,IC,1,1,1,3
Q9H3R0,Enzymes,1,0,1,2
Q9H3Y6,Enzymes,1,1,1,3
Q9H422,Enzymes,1,1,1,3
Q9H492,Others,0,0,0,0
Q9H4A3,Enzymes,1,1,1,3
Q9H4B4,Enzymes,1,1,1,3
Q9H4B7,Others,0,0,0,0
Q9H4M9,Others,0,0,0,0
Q9H5I1,Enzymes,1,0,1,2
Q9H5J4,Enzymes,1,1,0,2
Q9H6P5,Enzymes,0,1,1,2
Q9H6Z9,Enzymes,1,1,1,3
Q9H773,Enzymes,1,1,0,2
Q9H7D0,Others,0,0,0,0
Q9H7M9,Others,0,0,0,0
Q9H7Z6,Enzymes,1,0,1,2
Q9H7Z7,Enzymes,1,1,1,3
Q9H816,Enzymes,0,1,0,1
Q9H8M2,Enzymes,0,1,1,2
Q9H903,Enzymes,1,1,0,2
Q9H999,Enzymes,1,1,0,2
Q9H9B1,Enzymes,1,0,1,2
Q9HAW7,Enzymes,1,1,0,2
Q9HAW8,Enzymes,1,1,0,2
Q9HAW9,Enzymes,1,1,0,2
Q9HAZ1,Enzymes,1,1,1,3
Q9HB03,Enzymes,1,1,0,2
Q9HB89,GPCR,1,1,1,3
Q9HBA0,IC,1,1,1,3
Q9HBH9,Enzymes,1,1,1,3
Q9HBW0,GPCR,0,1,1,2
Q9HBX9,GPCR,1,1,1,3
Q9HBY0,Enzymes,0,1,1,2
Q9HBY8,Enzymes,1,1,1,3
Q9HC16,Enzymes,0,1,0,1
Q9HC23,Others,0,0,0,0
Q9HC29,Others,0,0,0,0
Q9HC35,Enzymes,0,1,0,1
Q9HC52,Others,0,0,0,0
Q9HC62,Enzymes,1,1,0,2
Q9HC98,Enzymes,1,1,1,3
Q9HCE5,Enzymes,0,1,0,1
Q9HCE7,Enzymes,1,1,0,2
Q9HCG7,Enzymes,1,1,0,2
Q9HCL2,Enzymes,1,1,0,2
Q9HCN6,Others,0,0,0,0
Q9HCP0,Enzymes,1,1,1,3
Q9HCR9,Enzymes,1,1,1,3
Q9HCX4,IC,1,1,1,3
Q9HD36,Others,0,0,0,0
Q9NNW7,Enzymes,1,1,0,2
Q9NNX6,Others,0,0,0,0
Q9NP56,Enzymes,1,1,1,3
Q9NP58,Others,0,0,0,0
Q9NP59,Others,0,0,0,0
Q9NP77,Enzymes,1,1,0,2
Q9NP87,Enzymes,1,1,0,2
Q9NPA2,Enzymes,0,1,1,2
Q9NPC1,GPCR,1,1,1,3
Q9NPC2,IC,1,1,1,3
Q9NPD8,Enzymes,1,1,0,2
Q9NPH5,Enzymes,0,1,1,2
Q9NPI1,Enzymes,0,0,1,1
Q9NQ66,Enzymes,1,1,1,3
Q9NQ90,IC,1,1,0,2
Q9NQB0,Others,0,0,0,0
Q9NQR1,Enzymes,1,0,1,2
Q9NQS7,Enzymes,0,1,0,1
Q9NQU5,Enzymes,1,1,1,3
Q9NR19,Enzymes,1,1,1,3
Q9NR21,Enzymes,0,1,1,2
Q9NR22,Enzymes,1,0,1,2
Q9NR48,Enzymes,1,0,1,2
Q9NR63,Enzymes,0,1,1,2
Q9NR71,Enzymes,1,1,1,3
Q9NR82,IC,1,1,1,3
Q9NR96,Others,0,0,0,0
Q9NR97,Others,0,0,0,0
Q9NRA0,Enzymes,1,1,1,3
Q9NRC8,Enzymes,1,0,1,2
Q9NRG4,Enzymes,1,0,1,2
Q9NRL2,Others,0,0,0,0
Q9NRM7,Enzymes,1,1,1,3
Q9NRS4,Enzymes,0,1,0,1
Q9NRW4,Enzymes,1,1,0,2
Q9NRX4,Enzymes,1,1,0,2
Q9NRY4,Enzymes,0,1,0,1
Q9NS61,IC,0,1,0,1
Q9NS75,GPCR,1,1,1,3
Q9NSA2,IC,1,1,1,3
Q9NSA3,Others,0,0,0,0
Q9NSD5,Others,0,0,0,0
Q9NSD7,GPCR,1,1,1,3
Q9NSD9,Enzymes,1,1,0,2
Q9NSE4,Enzymes,1,1,0,2
Q9NSI6,Others,0,0,0,0
Q9NSU2,Enzymes,1,0,0,1
Q9NSY1,Enzymes,1,1,1,3
Q9NTG7,Enzymes,1,0,1,2
Q9NTK5,Enzymes,0,1,0,1
Q9NU22,Others,0,0,0,0
Q9NUW8,Enzymes,0,1,0,1
Q9NUX5,Others,0,0,0,0
Q9NVM4,Enzymes,1,0,1,2
Q9NWT6,Enzymes,1,1,0,2
Q9NWT8,Others,0,0,0,0
Q9NWZ3,Enzymes,1,1,1,3
Q9NX14,Enzymes,0,1,0,1
Q9NXA8,Enzymes,1,0,1,2
Q9NY33,Enzymes,1,1,1,3
Q9NY46,IC,1,1,1,3
Q9NY59,Enzymes,1,1,1,3
Q9NY64,Others,0,0,0,0
Q9NY65,Others,0,0,0,0
Q9NYA1,Enzymes,1,1,1,3
Q9NYK1,Others,0,0,0,0
Q9NYL2,Enzymes,1,1,1,3
Q9NYV4,Enzymes,1,1,1,3
Q9NYV7,GPCR,1,0,1,2
Q9NYV8,GPCR,1,0,1,2
Q9NYV9,GPCR,1,0,1,2
Q9NYW0,GPCR,1,0,1,2
Q9NYW1,GPCR,1,0,1,2
Q9NYW2,GPCR,1,0,1,2
Q9NYW3,GPCR,1,0,1,2
Q9NYW4,GPCR,1,0,1,2
Q9NYW5,GPCR,1,0,1,2
Q9NYW6,GPCR,1,0,1,2
Q9NYW7,GPCR,1,0,1,2
Q9NYY3,Enzymes,1,1,1,3
Q9NZ08,Enzymes,0,1,1,2
Q9NZ20,Enzymes,1,1,1,3
Q9NZ42,IC,0,1,0,1
Q9NZ45,Others,0,0,0,0
Q9NZJ5,Enzymes,1,1,1,3
Q9NZK7,Enzymes,1,1,1,3
Q9NZM1,Others,0,0,0,0
Q9NZQ7,Others,0,0,0,0
Q9NZV8,IC,1,1,1,3
Q9P032,Enzymes,0,1,0,1
Q9P0G3,Enzymes,0,1,1,2
Q9P0J0,Enzymes,0,1,0,1
Q9P0L2,Enzymes,1,1,1,3
Q9P0M2,Others,0,0,0,0
Q9P0U3,Enzymes,1,1,1,3
Q9P0X4,IC,1,1,1,3
Q9P0Z9,Enzymes,1,1,0,2
Q9P1W9,Enzymes,1,1,1,3
Q9P286,Enzymes,1,1,1,3
Q9P289,Enzymes,1,1,1,3
Q9P2J5,Enzymes,1,1,0,2
Q9P2K3,Others,0,0,0,0
Q9P2K8,Enzymes,1,1,1,3
Q9P2R7,Enzymes,1,1,0,2
Q9UBB5,Others,0,0,0,0
Q9UBC3,Enzymes,1,0,0,1
Q9UBE0,Enzymes,1,1,0,2
Q9UBE8,Enzymes,1,1,1,3
Q9UBF8,Enzymes,1,1,1,3
Q9UBL3,Others,0,0,0,0
Q9UBL9,IC,1,1,1,3
Q9UBM7,Enzymes,1,1,0,2
Q9UBN1,IC,1,1,0,2
Q9UBN4,IC,1,1,1,3
Q9UBN7,Enzymes,1,0,1,2
Q9UBP0,Enzymes,1,1,0,2
Q9UBR2,Enzymes,1,1,1,3
Q9UBS0,Enzymes,1,1,1,3
Q9UBS5,GPCR,1,1,1,3
Q9UBT2,Enzymes,1,1,0,2
Q9UBT6,Enzymes,1,1,0,2
Q9UBU3,Others,0,0,0,0
Q9UBU7,Enzymes,0,1,0,1
Q9UBX1,Enzymes,1,1,1,3
Q9UBY5,GPCR,1,1,1,3
Q9UBZ9,Enzymes,0,1,0,1
Q9UDY8,Enzymes,0,1,0,1
Q9UEW8,Enzymes,1,1,1,3
Q9UF02,IC,1,1,0,2
Q9UF12,Enzymes,1,1,0,2
Q9UF33,Enzymes,1,1,0,2
Q9UGC6,Others,0,0,0,0
Q9UGI6,IC,1,1,1,3
Q9UGI9,Enzymes,0,1,1,2
Q9UGJ0,Enzymes,0,1,1,2
Q9UGL1,Enzymes,1,0,1,2
Q9UGM1,IC,1,1,1,3
Q9UGN5,Enzymes,1,1,1,3
Q9UGP5,Enzymes,1,1,0,2
Q9UH17,Enzymes,0,1,0,1
Q9UH92,Others,0,0,0,0
Q9UHC3,IC,1,1,1,3
Q9UHD2,Enzymes,1,1,1,3
Q9UHD8,Others,0,0,0,0
Q9UHF0,Others,0,0,0,0
Q9UHH9,Enzymes,1,1,0,2
Q9UHI5,Others,0,0,0,0
Q9UHI8,Enzymes,0,1,1,2
Q9UHJ3,Others,0,0,0,0
Q9UI09,Enzymes,0,1,0,1
Q9UI32,Enzymes,1,1,0,2
Q9UI33,IC,1,1,1,3
Q9UI42,Enzymes,0,1,1,2
Q9UIF8,Others,0,0,0,0
Q9UIF9,Others,0,0,0,0
Q9UIG0,Enzymes,0,1,0,1
Q9UIJ5,Enzymes,1,1,0,2
Q9UIK4,Enzymes,1,1,1,3
Q9UIQ6,Enzymes,1,1,1,3
Q9UIV1,Enzymes,0,1,0,1
Q9UIX4,IC,1,1,1,3
Q9UJ71,Others,0,0,0,0
Q9UJM8,Enzymes,1,1,0,2
Q9UJW3,Others,0,0,0,0
Q9UK17,IC,1,1,1,3
Q9UK32,Enzymes,1,1,1,3
Q9UK80,Enzymes,1,1,1,3
Q9UKE5,Enzymes,1,1,1,3
Q9UKG9,Enzymes,1,0,0,1
Q9UKI8,Enzymes,1,1,1,3
Q9UKK3,Enzymes,0,1,0,1
Q9UKK9,Enzymes,1,1,0,2
Q9UKL0,Others,0,0,0,0
Q9UKL6,Others,0,0,0,0
Q9UKM7,Enzymes,1,1,0,2
Q9UKN7,Others,0,0,0,0
Q9UKP6,GPCR,1,1,1,3
Q9UKT9,Others,0,0,0,0
Q9UKU0,Enzymes,1,1,0,2
Q9UKV0,Enzymes,1,0,1,2
Q9UKV8,Enzymes,0,1,0,1
Q9UL19,Enzymes,0,1,0,1
Q9UL51,IC,1,1,1,3
Q9UL54,Enzymes,1,1,1,3
Q9UL62,IC,1,1,1,3
Q9ULC4,Others,0,0,0,0
Q9ULC5,Enzymes,1,1,0,2
Q9ULD4,Others,0,0,0,0
Q9ULD8,IC,1,1,1,3
Q9ULH1,Others,0,0,0,0
Q9ULM3,Others,0,0,0,0
Q9ULS6,IC,1,1,1,3
Q9ULW0,Enzymes,0,1,0,1
Q9ULZ1,Others,0,0,0,0
Q9ULZ9,Enzymes,0,1,1,2
Q9UM07,Enzymes,1,1,1,3
Q9UM47,Others,0,0,0,0
Q9UM73,Enzymes,1,1,0,2
Q9UMN6,Enzymes,1,0,1,2
Q9UMW8,Enzymes,1,1,0,2
Q9UN88,IC,1,1,1,3
Q9UNA0,Enzymes,0,1,1,2
Q9UNA4,Enzymes,1,1,0,2
Q9UNH5,Enzymes,1,1,0,2
Q9UNI1,Enzymes,1,1,1,3
Q9UNK4,Enzymes,1,1,1,3
Q9UNM6,Enzymes,0,1,0,1
Q9UNQ0,Others,0,0,0,0
Q9UNU6,Enzymes,1,1,1,3
Q9UP65,Enzymes,1,1,1,3
Q9UPE1,Enzymes,1,1,1,3
Q9UPN9,Enzymes,1,0,1,2
Q9UPP1,Enzymes,1,0,1,2
Q9UPY5,Others,0,0,0,0
Q9UPZ9,Enzymes,1,1,1,3
Q9UQ49,Enzymes,1,1,0,2
Q9UQ88,Enzymes,1,1,1,3
Q9UQB9,Enzymes,1,1,1,3
Q9UQD0,IC,1,1,1,3
Q9UQL6,Enzymes,1,0,1,2
Q9UQM7,Enzymes,1,1,1,3
Q9Y210,IC,1,1,1,3
Q9Y223,Enzymes,1,1,0,2
Q9Y230,Enzymes,1,1,0,2
Q9Y231,Enzymes,1,1,0,2
Q9Y232,Enzymes,1,0,0,1
Q9Y233,Enzymes,1,1,1,3
Q9Y239,Others,0,0,0,0
Q9Y251,Enzymes,1,1,1,3
Q9Y253,Enzymes,1,1,0,2
Q9Y256,Enzymes,1,1,1,3
Q9Y259,Enzymes,1,1,0,2
Q9Y263,Others,0,0,0,0
Q9Y265,Enzymes,1,1,0,2
Q9Y271,GPCR,1,1,1,3
Q9Y294,Others,0,0,0,0
Q9Y2A9,Enzymes,1,1,0,2
Q9Y2C9,Others,0,0,0,0
Q9Y2D0,Enzymes,1,1,0,2
Q9Y2H1,Enzymes,1,1,1,3
Q9Y2H9,Enzymes,1,1,1,3
Q9Y2I7,Enzymes,1,1,1,3
Q9Y2J8,Enzymes,1,1,0,2
Q9Y2K2,Enzymes,1,1,1,3
Q9Y2K6,Enzymes,1,1,0,2
Q9Y2K7,Enzymes,1,0,1,2
Q9Y2Q3,Enzymes,1,1,0,2
Q9Y2R2,Enzymes,1,1,1,3
Q9Y2T3,Enzymes,1,1,0,2
Q9Y2T5,GPCR,1,1,1,3
Q9Y2T6,GPCR,1,1,1,3
Q9Y2U5,Enzymes,1,1,1,3
Q9Y2W1,Others,0,0,0,0
Q9Y303,Enzymes,1,1,0,2
Q9Y336,Others,0,0,0,0
Q9Y337,Enzymes,0,1,1,2
Q9Y375,Enzymes,0,1,0,1
Q9Y3C6,Enzymes,1,1,0,2
Q9Y3Q0,Enzymes,1,1,1,3
Q9Y3Q4,IC,1,1,1,3
Q9Y3R4,Enzymes,1,1,1,3
Q9Y3S1,Enzymes,1,1,1,3
Q9Y3U8,Others,0,0,0,0
Q9Y463,Enzymes,1,1,1,3
Q9Y466,NR,1,1,1,3
Q9Y468,Others,0,0,0,0
Q9Y478,Enzymes,0,1,1,2
Q9Y496,Others,0,0,0,0
Q9Y4C1,Enzymes,1,0,1,2
Q9Y4D2,Enzymes,1,1,1,3
Q9Y4E8,Enzymes,1,1,0,2
Q9Y4K0,Enzymes,0,1,1,2
Q9Y4K3,Enzymes,1,1,0,2
Q9Y4K4,Enzymes,1,1,1,3
Q9Y4P1,Enzymes,0,1,1,2
Q9Y570,Enzymes,1,1,1,3
Q9Y572,Enzymes,1,1,1,3
Q9Y5A9,Others,0,0,0,0
Q9Y5K5,Enzymes,1,1,0,2
Q9Y5L3,Enzymes,0,1,1,2
Q9Y5N1,GPCR,1,1,1,3
Q9Y5P4,Others,0,0,0,0
Q9Y5S2,Enzymes,1,1,1,3
Q9Y5S8,Enzymes,0,0,1,1
Q9Y5X4,NR,1,1,1,3
Q9Y5X5,GPCR,1,1,1,3
Q9Y5X9,Enzymes,1,1,1,3
Q9Y5Y4,GPCR,1,1,1,3
Q9Y5Y6,Enzymes,1,1,1,3
Q9Y5Y9,IC,1,1,1,3
Q9Y5Z0,Enzymes,1,1,1,3
Q9Y5Z6,Enzymes,1,1,0,2
Q9Y616,Enzymes,1,1,1,3
Q9Y618,NR,0,1,0,1
Q9Y657,Others,0,0,0,0
Q9Y694,Others,0,0,0,0
Q9Y698,IC,1,1,0,2
Q9Y6A2,Enzymes,1,1,1,3
Q9Y6E0,Enzymes,1,1,1,3
Q9Y6F1,Enzymes,0,1,1,2
Q9Y6F8,Enzymes,1,0,0,1
Q9Y6I3,Others,0,0,0,0
Q9Y6K0,Enzymes,1,1,0,2
Q9Y6K1,Enzymes,1,0,1,2
Q9Y6K9,Enzymes,0,1,0,1
Q9Y6L6,Others,0,0,0,0
Q9Y6L7,Enzymes,0,1,0,1
Q9Y6M4,Enzymes,1,1,1,3
Q9Y6M9,Enzymes,0,1,0,1
Q9Y6N5,Enzymes,1,1,0,2
Q9Y6Q9,Enzymes,1,0,1,2
Q9Y6R4,Enzymes,1,1,1,3
Q9Y6T7,Enzymes,1,1,0,2
Q9Y6W6,Enzymes,1,1,0,2
Q9Y6Y9,Others,0,0,0,0
